[{"model": "contenttypes.contenttype", "pk": 1, "fields": {"app_label": "admin", "model": "logentry"}}, {"model": "contenttypes.contenttype", "pk": 2, "fields": {"app_label": "auth", "model": "permission"}}, {"model": "contenttypes.contenttype", "pk": 3, "fields": {"app_label": "auth", "model": "group"}}, {"model": "contenttypes.contenttype", "pk": 4, "fields": {"app_label": "auth", "model": "user"}}, {"model": "contenttypes.contenttype", "pk": 5, "fields": {"app_label": "contenttypes", "model": "contenttype"}}, {"model": "contenttypes.contenttype", "pk": 6, "fields": {"app_label": "sessions", "model": "session"}}, {"model": "contenttypes.contenttype", "pk": 7, "fields": {"app_label": "doptrack_app", "model": "course"}}, {"model": "contenttypes.contenttype", "pk": 8, "fields": {"app_label": "doptrack_app", "model": "coursestudent"}}, {"model": "contenttypes.contenttype", "pk": 9, "fields": {"app_label": "doptrack_app", "model": "timeslot"}}, {"model": "contenttypes.contenttype", "pk": 10, "fields": {"app_label": "sitetree", "model": "tree"}}, {"model": "contenttypes.contenttype", "pk": 11, "fields": {"app_label": "sitetree", "model": "treeitem"}}, {"model": "contenttypes.contenttype", "pk": 12, "fields": {"app_label": "captcha", "model": "captchastore"}}, {"model": "contenttypes.contenttype", "pk": 13, "fields": {"app_label": "cms", "model": "placeholder"}}, {"model": "contenttypes.contenttype", "pk": 14, "fields": {"app_label": "cms", "model": "page"}}, {"model": "contenttypes.contenttype", "pk": 15, "fields": {"app_label": "sites", "model": "site"}}, {"model": "contenttypes.contenttype", "pk": 16, "fields": {"app_label": "cms", "model": "usersettings"}}, {"model": "contenttypes.contenttype", "pk": 17, "fields": {"app_label": "cms", "model": "treenode"}}, {"model": "contenttypes.contenttype", "pk": 18, "fields": {"app_label": "cms", "model": "globalpagepermission"}}, {"model": "contenttypes.contenttype", "pk": 19, "fields": {"app_label": "cms", "model": "pagepermission"}}, {"model": "contenttypes.contenttype", "pk": 20, "fields": {"app_label": "cms", "model": "pageuser"}}, {"model": "contenttypes.contenttype", "pk": 21, "fields": {"app_label": "cms", "model": "pageusergroup"}}, {"model": "contenttypes.contenttype", "pk": 22, "fields": {"app_label": "cms", "model": "cmsplugin"}}, {"model": "contenttypes.contenttype", "pk": 23, "fields": {"app_label": "cms", "model": "title"}}, {"model": "contenttypes.contenttype", "pk": 24, "fields": {"app_label": "cms", "model": "placeholderreference"}}, {"model": "contenttypes.contenttype", "pk": 25, "fields": {"app_label": "cms", "model": "staticplaceholder"}}, {"model": "contenttypes.contenttype", "pk": 26, "fields": {"app_label": "cms", "model": "aliaspluginmodel"}}, {"model": "contenttypes.contenttype", "pk": 27, "fields": {"app_label": "cms", "model": "urlconfrevision"}}, {"model": "contenttypes.contenttype", "pk": 28, "fields": {"app_label": "cms", "model": "pagetype"}}, {"model": "contenttypes.contenttype", "pk": 29, "fields": {"app_label": "menus", "model": "cachekey"}}, {"model": "contenttypes.contenttype", "pk": 30, "fields": {"app_label": "filer", "model": "folder"}}, {"model": "contenttypes.contenttype", "pk": 31, "fields": {"app_label": "filer", "model": "folderpermission"}}, {"model": "contenttypes.contenttype", "pk": 32, "fields": {"app_label": "filer", "model": "file"}}, {"model": "contenttypes.contenttype", "pk": 33, "fields": {"app_label": "filer", "model": "clipboard"}}, {"model": "contenttypes.contenttype", "pk": 34, "fields": {"app_label": "filer", "model": "clipboarditem"}}, {"model": "contenttypes.contenttype", "pk": 35, "fields": {"app_label": "filer", "model": "image"}}, {"model": "contenttypes.contenttype", "pk": 36, "fields": {"app_label": "filer", "model": "thumbnailoption"}}, {"model": "contenttypes.contenttype", "pk": 37, "fields": {"app_label": "easy_thumbnails", "model": "source"}}, {"model": "contenttypes.contenttype", "pk": 38, "fields": {"app_label": "easy_thumbnails", "model": "thumbnail"}}, {"model": "contenttypes.contenttype", "pk": 39, "fields": {"app_label": "easy_thumbnails", "model": "thumbnaildimensions"}}, {"model": "contenttypes.contenttype", "pk": 40, "fields": {"app_label": "djangocms_text_ckeditor", "model": "text"}}, {"model": "contenttypes.contenttype", "pk": 41, "fields": {"app_label": "djangocms_link", "model": "link"}}, {"model": "contenttypes.contenttype", "pk": 42, "fields": {"app_label": "djangocms_file", "model": "file"}}, {"model": "contenttypes.contenttype", "pk": 43, "fields": {"app_label": "djangocms_file", "model": "folder"}}, {"model": "contenttypes.contenttype", "pk": 44, "fields": {"app_label": "djangocms_picture", "model": "picture"}}, {"model": "contenttypes.contenttype", "pk": 45, "fields": {"app_label": "djangocms_video", "model": "videoplayer"}}, {"model": "contenttypes.contenttype", "pk": 46, "fields": {"app_label": "djangocms_video", "model": "videosource"}}, {"model": "contenttypes.contenttype", "pk": 47, "fields": {"app_label": "djangocms_video", "model": "videotrack"}}, {"model": "contenttypes.contenttype", "pk": 48, "fields": {"app_label": "djangocms_googlemap", "model": "googlemap"}}, {"model": "contenttypes.contenttype", "pk": 49, "fields": {"app_label": "djangocms_googlemap", "model": "googlemapmarker"}}, {"model": "contenttypes.contenttype", "pk": 50, "fields": {"app_label": "djangocms_googlemap", "model": "googlemaproute"}}, {"model": "contenttypes.contenttype", "pk": 51, "fields": {"app_label": "djangocms_snippet", "model": "snippet"}}, {"model": "contenttypes.contenttype", "pk": 52, "fields": {"app_label": "djangocms_snippet", "model": "snippetptr"}}, {"model": "contenttypes.contenttype", "pk": 53, "fields": {"app_label": "djangocms_style", "model": "style"}}, {"model": "contenttypes.contenttype", "pk": 54, "fields": {"app_label": "djangocms_column", "model": "multicolumns"}}, {"model": "contenttypes.contenttype", "pk": 55, "fields": {"app_label": "djangocms_column", "model": "column"}}, {"model": "sessions.session", "pk": "bylcsgn7wbmydw1c19elzqgtmjt3x5dg", "fields": {"session_data": "NzA2MjhkZjU4YzFkNjllMDVjZTJlNjRhMThmNThkZDBhMTdkY2NhNjp7Il9hdXRoX3VzZXJfaGFzaCI6ImY5ZmZiNzQ0YzJkM2ExMzllOWRhMTM2YWNiZjAyMDhmZjA4NzNiNDEiLCJfYXV0aF91c2VyX2JhY2tlbmQiOiJkamFuZ28uY29udHJpYi5hdXRoLmJhY2tlbmRzLk1vZGVsQmFja2VuZCIsIl9hdXRoX3VzZXJfaWQiOiI0In0=", "expire_date": "2018-04-04T14:38:02.474"}}, {"model": "sessions.session", "pk": "cxmrrl7ls0c4b6hgw45i0d9qxtabj8jq", "fields": {"session_data": "YmNjZDM5MzkwZjQzODI5OGMxNzgxZmM5NjVkNThhNTdjZjhjYjUyZjp7ImNtc19sb2dfbGF0ZXN0IjoyMDIsIl9hdXRoX3VzZXJfaGFzaCI6ImJmYmEyMjk2ZWIyMTYxMDY2YjBjNTkzYThiYzZjNzcxZDRmN2FmZjYiLCJfYXV0aF91c2VyX2JhY2tlbmQiOiJkamFuZ28uY29udHJpYi5hdXRoLmJhY2tlbmRzLk1vZGVsQmFja2VuZCIsIl9hdXRoX3VzZXJfaWQiOiIxIn0=", "expire_date": "2018-04-10T16:27:36.832"}}, {"model": "sessions.session", "pk": "ghq05pigm44627aomdxnrkul3c0bf6do", "fields": {"session_data": "YmRiOTJiNmNkNDQ1ZjdiYjA3NjM2Njc5OWJkZWU2NzBmNmYyNzA4ZTp7Il9hdXRoX3VzZXJfaWQiOiIxIiwiY21zX3Rvb2xiYXJfZGlzYWJsZWQiOmZhbHNlLCJmaWxlcl9sYXN0X2ZvbGRlcl9pZCI6bnVsbCwiX2F1dGhfdXNlcl9iYWNrZW5kIjoiZGphbmdvLmNvbnRyaWIuYXV0aC5iYWNrZW5kcy5Nb2RlbEJhY2tlbmQiLCJjbXNfZWRpdCI6ZmFsc2UsIl9hdXRoX3VzZXJfaGFzaCI6ImJmYmEyMjk2ZWIyMTYxMDY2YjBjNTkzYThiYzZjNzcxZDRmN2FmZjYiLCJjbXNfcHJldmlldyI6dHJ1ZX0=", "expire_date": "2018-03-29T17:55:24.666"}}, {"model": "sessions.session", "pk": "i96pene35r3adkc47ic303przklbouin", "fields": {"session_data": "MTE5YWMxNGQxZjAzMjIwMzA5OTNhNDlkNDE4MmY1Y2EyYzY3ZjUwMDp7Il9hdXRoX3VzZXJfaGFzaCI6IjYzOTVhMzAzYzhjMWFjNDdjMmMzY2JkZTEyYTAzNGJkM2ViYzk0NzQiLCJfYXV0aF91c2VyX2JhY2tlbmQiOiJkamFuZ28uY29udHJpYi5hdXRoLmJhY2tlbmRzLk1vZGVsQmFja2VuZCIsIl9hdXRoX3VzZXJfaWQiOiIzIn0=", "expire_date": "2018-04-04T21:05:20.727"}}, {"model": "sessions.session", "pk": "nmajzuuhfkjk95sopx8cz8dxime3uzox", "fields": {"session_data": "MThiZWU5Mjc4MjQ3ZjEwMDc5NWU1NTlhZDgxNmY5ZDMwMGI5ZGQ0MTp7ImNtc19sb2dfbGF0ZXN0IjoyMDYsIl9hdXRoX3VzZXJfaGFzaCI6ImJmYmEyMjk2ZWIyMTYxMDY2YjBjNTkzYThiYzZjNzcxZDRmN2FmZjYiLCJfYXV0aF91c2VyX2lkIjoiMSIsIl9hdXRoX3VzZXJfYmFja2VuZCI6ImRqYW5nby5jb250cmliLmF1dGguYmFja2VuZHMuTW9kZWxCYWNrZW5kIn0=", "expire_date": "2018-04-11T20:45:15.276"}}, {"model": "sessions.session", "pk": "qc9mvpbvwle2xlblk35us4w7enpkadsr", "fields": {"session_data": "MmE5N2Q2ZDZhMzY3ZWE0ZTM4MzEzMDA4ZjA1MTQ0NzYyMjAxM2VjYTp7ImNtc190b29sYmFyX2Rpc2FibGVkIjpmYWxzZSwiY21zX2VkaXQiOnRydWUsImNtc19wcmV2aWV3IjpmYWxzZX0=", "expire_date": "2018-04-26T15:02:25.939"}}, {"model": "sessions.session", "pk": "zpi0gpd63ygafjzuaik4gn64f4y5qyzu", "fields": {"session_data": "MGVkMDg1NTYzNGJiZDg2OGQ4Mjg1OWIwYjMzNzMzM2EyNWZmZmMxMjp7Il9hdXRoX3VzZXJfaWQiOiIxIiwiY21zX3Rvb2xiYXJfZGlzYWJsZWQiOmZhbHNlLCJfYXV0aF91c2VyX2JhY2tlbmQiOiJkamFuZ28uY29udHJpYi5hdXRoLmJhY2tlbmRzLk1vZGVsQmFja2VuZCIsImNtc19lZGl0Ijp0cnVlLCJfYXV0aF91c2VyX2hhc2giOiJiZmJhMjI5NmViMjE2MTA2NmIwYzU5M2E4YmM2Yzc3MWQ0ZjdhZmY2IiwiY21zX3ByZXZpZXciOmZhbHNlfQ==", "expire_date": "2018-03-26T16:24:34.282"}}, {"model": "doptrack_app.timeslot", "pk": 27, "fields": {"start": "2018-03-27T01:30:00", "modified": "2018-03-06", "coursestudent": 21}}, {"model": "doptrack_app.timeslot", "pk": 28, "fields": {"start": "2018-03-28T02:00:00", "modified": "2018-03-06", "coursestudent": 21}}, {"model": "doptrack_app.timeslot", "pk": 29, "fields": {"start": "2018-03-28T01:30:00", "modified": "2018-03-06", "coursestudent": 21}}, {"model": "doptrack_app.timeslot", "pk": 30, "fields": {"start": "2018-03-27T02:00:00", "modified": "2018-03-06", "coursestudent": 21}}, {"model": "doptrack_app.timeslot", "pk": 42, "fields": {"start": "2018-03-05T13:30:00", "modified": "2018-03-07", "coursestudent": 19}}, {"model": "doptrack_app.timeslot", "pk": 44, "fields": {"start": "2018-03-05T09:00:00", "modified": "2018-03-07", "coursestudent": 19}}, {"model": "doptrack_app.timeslot", "pk": 71, "fields": {"start": "2018-03-15T01:00:00", "modified": "2018-03-07", "coursestudent": 60}}, {"model": "doptrack_app.timeslot", "pk": 72, "fields": {"start": "2018-03-14T01:00:00", "modified": "2018-03-07", "coursestudent": 54}}, {"model": "doptrack_app.timeslot", "pk": 74, "fields": {"start": "2018-03-15T01:30:00", "modified": "2018-03-07", "coursestudent": 60}}, {"model": "doptrack_app.timeslot", "pk": 75, "fields": {"start": "2018-03-16T01:30:00", "modified": "2018-03-07", "coursestudent": 61}}, {"model": "doptrack_app.timeslot", "pk": 76, "fields": {"start": "2018-03-15T03:00:00", "modified": "2018-03-07", "coursestudent": 66}}, {"model": "doptrack_app.timeslot", "pk": 86, "fields": {"start": "2018-03-06T09:00:00", "modified": "2018-03-08", "coursestudent": 27}}, {"model": "doptrack_app.timeslot", "pk": 87, "fields": {"start": "2018-03-06T13:30:00", "modified": "2018-03-08", "coursestudent": 27}}, {"model": "doptrack_app.timeslot", "pk": 93, "fields": {"start": "2018-03-08T13:30:00", "modified": "2018-03-08", "coursestudent": 26}}, {"model": "doptrack_app.timeslot", "pk": 94, "fields": {"start": "2018-03-08T18:00:00", "modified": "2018-03-08", "coursestudent": 26}}, {"model": "doptrack_app.timeslot", "pk": 102, "fields": {"start": "2018-03-15T17:30:00", "modified": "2018-03-15", "coursestudent": 76}}, {"model": "doptrack_app.timeslot", "pk": 103, "fields": {"start": "2018-03-15T18:00:00", "modified": "2018-03-15", "coursestudent": 76}}, {"model": "doptrack_app.timeslot", "pk": 104, "fields": {"start": "2018-02-28T09:30:00", "modified": "2018-03-27", "coursestudent": 28}}, {"model": "sitetree.tree", "pk": 1, "fields": {"title": "Manage", "alias": "docent"}}, {"model": "sitetree.tree", "pk": 3, "fields": {"title": "student", "alias": "student"}}, {"model": "sitetree.tree", "pk": 5, "fields": {"title": "anonymous", "alias": "anonymous"}}, {"model": "sitetree.tree", "pk": 8, "fields": {"title": "admin", "alias": "admin"}}, {"model": "captcha.captchastore", "pk": 43, "fields": {"challenge": "DTVV", "response": "dtvv", "hashkey": "323f0185f0be4d8f6d55552af957ff8bb47f02d8", "expiration": "2018-03-22T17:55:46.435"}}, {"model": "captcha.captchastore", "pk": 44, "fields": {"challenge": "LYFH", "response": "lyfh", "hashkey": "8d127f9055c54206d128796ecbc7e27932ecdfb7", "expiration": "2018-03-27T11:17:07.441"}}, {"model": "sites.site", "pk": 1, "fields": {"domain": "example.com", "name": "example.com"}}, {"model": "cms.page", "pk": 4, "fields": {"created_by": "admin", "changed_by": "admin", "creation_date": "2018-03-12T14:06:11.619", "changed_date": "2018-03-13T13:35:04.603", "publication_date": "2018-03-12T14:06:17.238", "publication_end_date": null, "in_navigation": true, "soft_root": false, "reverse_id": "cms_student_login", "navigation_extenders": "", "template": "INHERIT", "login_required": false, "limit_visibility_in_menu": null, "is_home": false, "application_urls": "", "application_namespace": null, "publisher_is_draft": true, "publisher_public": 5, "languages": "en", "xframe_options": 0, "is_page_type": false, "node": 3, "placeholders": [5]}}, {"model": "cms.page", "pk": 5, "fields": {"created_by": "admin", "changed_by": "admin", "creation_date": "2018-03-12T14:06:17.238", "changed_date": "2018-03-13T13:35:11.850", "publication_date": "2018-03-12T14:06:17.238", "publication_end_date": null, "in_navigation": true, "soft_root": false, "reverse_id": "cms_student_login", "navigation_extenders": "", "template": "INHERIT", "login_required": false, "limit_visibility_in_menu": null, "is_home": false, "application_urls": "", "application_namespace": null, "publisher_is_draft": false, "publisher_public": 4, "languages": "en", "xframe_options": 0, "is_page_type": false, "node": 3, "placeholders": [6]}}, {"model": "cms.page", "pk": 6, "fields": {"created_by": "admin", "changed_by": "admin", "creation_date": "2018-03-13T13:17:44.423", "changed_date": "2018-03-15T17:35:19.909", "publication_date": "2018-03-13T13:20:28.179", "publication_end_date": null, "in_navigation": true, "soft_root": false, "reverse_id": "cms_admin_main", "navigation_extenders": "", "template": "INHERIT", "login_required": false, "limit_visibility_in_menu": null, "is_home": false, "application_urls": "", "application_namespace": null, "publisher_is_draft": true, "publisher_public": 7, "languages": "en", "xframe_options": 0, "is_page_type": false, "node": 4, "placeholders": [11]}}, {"model": "cms.page", "pk": 7, "fields": {"created_by": "admin", "changed_by": "admin", "creation_date": "2018-03-13T13:20:28.180", "changed_date": "2018-03-15T17:42:53.145", "publication_date": "2018-03-13T13:20:28.179", "publication_end_date": null, "in_navigation": true, "soft_root": false, "reverse_id": "cms_admin_main", "navigation_extenders": "", "template": "INHERIT", "login_required": false, "limit_visibility_in_menu": null, "is_home": false, "application_urls": "", "application_namespace": null, "publisher_is_draft": false, "publisher_public": 6, "languages": "en", "xframe_options": 0, "is_page_type": false, "node": 4, "placeholders": [12]}}, {"model": "cms.page", "pk": 8, "fields": {"created_by": "admin", "changed_by": "admin", "creation_date": "2018-03-13T13:34:43.711", "changed_date": "2018-03-13T13:34:53.559", "publication_date": "2018-03-13T13:36:03.668", "publication_end_date": null, "in_navigation": true, "soft_root": false, "reverse_id": "cms_docent_main", "navigation_extenders": "", "template": "INHERIT", "login_required": false, "limit_visibility_in_menu": null, "is_home": false, "application_urls": "", "application_namespace": null, "publisher_is_draft": true, "publisher_public": 9, "languages": "en", "xframe_options": 0, "is_page_type": false, "node": 5, "placeholders": [13]}}, {"model": "cms.page", "pk": 9, "fields": {"created_by": "admin", "changed_by": "admin", "creation_date": "2018-03-13T13:36:03.669", "changed_date": "2018-03-13T13:38:49.741", "publication_date": "2018-03-13T13:36:03.668", "publication_end_date": null, "in_navigation": true, "soft_root": false, "reverse_id": "cms_docent_main", "navigation_extenders": "", "template": "INHERIT", "login_required": false, "limit_visibility_in_menu": null, "is_home": false, "application_urls": "", "application_namespace": null, "publisher_is_draft": false, "publisher_public": 8, "languages": "en", "xframe_options": 0, "is_page_type": false, "node": 5, "placeholders": [14]}}, {"model": "cms.page", "pk": 10, "fields": {"created_by": "admin", "changed_by": "admin", "creation_date": "2018-03-13T13:41:44.819", "changed_date": "2018-03-13T13:41:53.526", "publication_date": "2018-03-13T13:45:36.356", "publication_end_date": null, "in_navigation": true, "soft_root": false, "reverse_id": "cms_anonymous_login", "navigation_extenders": "", "template": "INHERIT", "login_required": false, "limit_visibility_in_menu": null, "is_home": false, "application_urls": "", "application_namespace": null, "publisher_is_draft": true, "publisher_public": 11, "languages": "en", "xframe_options": 0, "is_page_type": false, "node": 6, "placeholders": [15]}}, {"model": "cms.page", "pk": 11, "fields": {"created_by": "admin", "changed_by": "admin", "creation_date": "2018-03-13T13:45:36.357", "changed_date": "2018-03-13T13:45:36.357", "publication_date": "2018-03-13T13:45:36.356", "publication_end_date": null, "in_navigation": true, "soft_root": false, "reverse_id": "cms_anonymous_login", "navigation_extenders": "", "template": "INHERIT", "login_required": false, "limit_visibility_in_menu": null, "is_home": false, "application_urls": "", "application_namespace": null, "publisher_is_draft": false, "publisher_public": 10, "languages": "en", "xframe_options": 0, "is_page_type": false, "node": 6, "placeholders": [16]}}, {"model": "cms.page", "pk": 12, "fields": {"created_by": "admin", "changed_by": "cms_editor", "creation_date": "2018-03-13T13:46:25.445", "changed_date": "2018-03-13T13:46:49.070", "publication_date": "2018-03-13T14:20:52.856", "publication_end_date": null, "in_navigation": true, "soft_root": false, "reverse_id": "cms_anonymous_main", "navigation_extenders": "", "template": "INHERIT", "login_required": false, "limit_visibility_in_menu": null, "is_home": false, "application_urls": "", "application_namespace": null, "publisher_is_draft": true, "publisher_public": 13, "languages": "en", "xframe_options": 0, "is_page_type": false, "node": 7, "placeholders": [17]}}, {"model": "cms.page", "pk": 13, "fields": {"created_by": "admin", "changed_by": "cms_editor", "creation_date": "2018-03-13T14:20:52.856", "changed_date": "2018-04-12T14:45:24.188", "publication_date": "2018-03-13T14:20:52.856", "publication_end_date": null, "in_navigation": true, "soft_root": false, "reverse_id": "cms_anonymous_main", "navigation_extenders": "", "template": "INHERIT", "login_required": false, "limit_visibility_in_menu": null, "is_home": false, "application_urls": "", "application_namespace": null, "publisher_is_draft": false, "publisher_public": 12, "languages": "en", "xframe_options": 0, "is_page_type": false, "node": 7, "placeholders": [18]}}, {"model": "cms.page", "pk": 14, "fields": {"created_by": "admin", "changed_by": "admin", "creation_date": "2018-03-13T14:24:35.113", "changed_date": "2018-03-13T14:32:16.412", "publication_date": "2018-03-13T14:31:26.813", "publication_end_date": null, "in_navigation": true, "soft_root": false, "reverse_id": "cms_anonymous_request", "navigation_extenders": "", "template": "INHERIT", "login_required": false, "limit_visibility_in_menu": null, "is_home": false, "application_urls": "", "application_namespace": null, "publisher_is_draft": true, "publisher_public": 15, "languages": "en", "xframe_options": 0, "is_page_type": false, "node": 8, "placeholders": [19]}}, {"model": "cms.page", "pk": 15, "fields": {"created_by": "admin", "changed_by": "admin", "creation_date": "2018-03-13T14:31:26.813", "changed_date": "2018-03-13T14:36:58.885", "publication_date": "2018-03-13T14:31:26.813", "publication_end_date": null, "in_navigation": true, "soft_root": false, "reverse_id": "cms_anonymous_request", "navigation_extenders": "", "template": "INHERIT", "login_required": false, "limit_visibility_in_menu": null, "is_home": false, "application_urls": "", "application_namespace": null, "publisher_is_draft": false, "publisher_public": 14, "languages": "en", "xframe_options": 0, "is_page_type": false, "node": 8, "placeholders": [20]}}, {"model": "cms.treenode", "pk": 3, "fields": {"path": "0002", "depth": 1, "numchild": 0, "parent": null, "site": 1}}, {"model": "cms.treenode", "pk": 4, "fields": {"path": "0003", "depth": 1, "numchild": 0, "parent": null, "site": 1}}, {"model": "cms.treenode", "pk": 5, "fields": {"path": "0004", "depth": 1, "numchild": 0, "parent": null, "site": 1}}, {"model": "cms.treenode", "pk": 6, "fields": {"path": "0005", "depth": 1, "numchild": 0, "parent": null, "site": 1}}, {"model": "cms.treenode", "pk": 7, "fields": {"path": "0006", "depth": 1, "numchild": 0, "parent": null, "site": 1}}, {"model": "cms.treenode", "pk": 8, "fields": {"path": "0007", "depth": 1, "numchild": 0, "parent": null, "site": 1}}, {"model": "cms.placeholder", "pk": 1, "fields": {"slot": "clipboard", "default_width": null}}, {"model": "cms.placeholder", "pk": 5, "fields": {"slot": "content", "default_width": null}}, {"model": "cms.placeholder", "pk": 6, "fields": {"slot": "content", "default_width": null}}, {"model": "cms.placeholder", "pk": 7, "fields": {"slot": "main", "default_width": null}}, {"model": "cms.placeholder", "pk": 8, "fields": {"slot": "main", "default_width": null}}, {"model": "cms.placeholder", "pk": 9, "fields": {"slot": "content", "default_width": null}}, {"model": "cms.placeholder", "pk": 10, "fields": {"slot": "content", "default_width": null}}, {"model": "cms.placeholder", "pk": 11, "fields": {"slot": "content", "default_width": null}}, {"model": "cms.placeholder", "pk": 12, "fields": {"slot": "content", "default_width": null}}, {"model": "cms.placeholder", "pk": 13, "fields": {"slot": "content", "default_width": null}}, {"model": "cms.placeholder", "pk": 14, "fields": {"slot": "content", "default_width": null}}, {"model": "cms.placeholder", "pk": 15, "fields": {"slot": "content", "default_width": null}}, {"model": "cms.placeholder", "pk": 16, "fields": {"slot": "content", "default_width": null}}, {"model": "cms.placeholder", "pk": 17, "fields": {"slot": "content", "default_width": null}}, {"model": "cms.placeholder", "pk": 18, "fields": {"slot": "content", "default_width": null}}, {"model": "cms.placeholder", "pk": 19, "fields": {"slot": "content", "default_width": null}}, {"model": "cms.placeholder", "pk": 20, "fields": {"slot": "content", "default_width": null}}, {"model": "cms.placeholder", "pk": 21, "fields": {"slot": "clipboard", "default_width": null}}, {"model": "cms.placeholder", "pk": 22, "fields": {"slot": "clipboard", "default_width": null}}, {"model": "cms.cmsplugin", "pk": 1, "fields": {"path": "0001", "depth": 1, "numchild": 0, "placeholder": 5, "parent": null, "position": 1, "language": "en", "plugin_type": "TextPlugin", "creation_date": "2018-03-12T14:06:11.641", "changed_date": "2018-03-12T14:06:11.661"}}, {"model": "cms.cmsplugin", "pk": 3, "fields": {"path": "0003", "depth": 1, "numchild": 0, "placeholder": 5, "parent": null, "position": 0, "language": "en", "plugin_type": "TextPlugin", "creation_date": "2018-03-12T14:08:12.756", "changed_date": "2018-03-12T14:08:33.757"}}, {"model": "cms.cmsplugin", "pk": 20, "fields": {"path": "0006", "depth": 1, "numchild": 1, "placeholder": 11, "parent": null, "position": 0, "language": "en", "plugin_type": "TextPlugin", "creation_date": "2018-03-13T13:20:38.758", "changed_date": "2018-03-15T17:42:27.641"}}, {"model": "cms.cmsplugin", "pk": 26, "fields": {"path": "000B", "depth": 1, "numchild": 0, "placeholder": 6, "parent": null, "position": 1, "language": "en", "plugin_type": "TextPlugin", "creation_date": "2018-03-12T14:06:11.641", "changed_date": "2018-03-13T13:35:12.040"}}, {"model": "cms.cmsplugin", "pk": 27, "fields": {"path": "000C", "depth": 1, "numchild": 0, "placeholder": 6, "parent": null, "position": 0, "language": "en", "plugin_type": "TextPlugin", "creation_date": "2018-03-12T14:08:12.756", "changed_date": "2018-03-13T13:35:12.066"}}, {"model": "cms.cmsplugin", "pk": 28, "fields": {"path": "000D", "depth": 1, "numchild": 0, "placeholder": 13, "parent": null, "position": 0, "language": "en", "plugin_type": "TextPlugin", "creation_date": "2018-03-13T13:36:14.646", "changed_date": "2018-03-13T13:38:08.732"}}, {"model": "cms.cmsplugin", "pk": 29, "fields": {"path": "000E", "depth": 1, "numchild": 0, "placeholder": 14, "parent": null, "position": 0, "language": "en", "plugin_type": "TextPlugin", "creation_date": "2018-03-13T13:36:14.646", "changed_date": "2018-03-13T13:38:49.817"}}, {"model": "cms.cmsplugin", "pk": 30, "fields": {"path": "000F", "depth": 1, "numchild": 0, "placeholder": 15, "parent": null, "position": 0, "language": "en", "plugin_type": "TextPlugin", "creation_date": "2018-03-13T13:42:40.973", "changed_date": "2018-03-13T13:45:30.884"}}, {"model": "cms.cmsplugin", "pk": 31, "fields": {"path": "000G", "depth": 1, "numchild": 0, "placeholder": 16, "parent": null, "position": 0, "language": "en", "plugin_type": "TextPlugin", "creation_date": "2018-03-13T13:42:40.973", "changed_date": "2018-03-13T13:45:36.427"}}, {"model": "cms.cmsplugin", "pk": 32, "fields": {"path": "000H", "depth": 1, "numchild": 2, "placeholder": 17, "parent": null, "position": 0, "language": "en", "plugin_type": "TextPlugin", "creation_date": "2018-03-13T13:47:13.139", "changed_date": "2018-04-12T14:45:22.039"}}, {"model": "cms.cmsplugin", "pk": 34, "fields": {"path": "000J", "depth": 1, "numchild": 0, "placeholder": 19, "parent": null, "position": 0, "language": "en", "plugin_type": "TextPlugin", "creation_date": "2018-03-13T14:25:01.032", "changed_date": "2018-03-13T14:36:54.429"}}, {"model": "cms.cmsplugin", "pk": 37, "fields": {"path": "000K", "depth": 1, "numchild": 0, "placeholder": 20, "parent": null, "position": 0, "language": "en", "plugin_type": "TextPlugin", "creation_date": "2018-03-13T14:25:01.032", "changed_date": "2018-03-13T14:36:59.021"}}, {"model": "cms.cmsplugin", "pk": 38, "fields": {"path": "000L", "depth": 1, "numchild": 0, "placeholder": 11, "parent": null, "position": 1, "language": "en", "plugin_type": "PicturePlugin", "creation_date": "2018-03-15T17:40:13.876", "changed_date": "2018-03-15T17:40:13.894"}}, {"model": "cms.cmsplugin", "pk": 39, "fields": {"path": "00060001", "depth": 2, "numchild": 0, "placeholder": 11, "parent": 20, "position": 0, "language": "en", "plugin_type": "PicturePlugin", "creation_date": "2018-03-15T17:42:04.323", "changed_date": "2018-03-15T17:42:04.339"}}, {"model": "cms.cmsplugin", "pk": 40, "fields": {"path": "000M", "depth": 1, "numchild": 1, "placeholder": 12, "parent": null, "position": 0, "language": "en", "plugin_type": "TextPlugin", "creation_date": "2018-03-13T13:20:38.758", "changed_date": "2018-03-15T17:42:53.348"}}, {"model": "cms.cmsplugin", "pk": 41, "fields": {"path": "000M0001", "depth": 2, "numchild": 0, "placeholder": 12, "parent": 40, "position": 0, "language": "en", "plugin_type": "PicturePlugin", "creation_date": "2018-03-15T17:42:04.323", "changed_date": "2018-03-15T17:42:53.311"}}, {"model": "cms.cmsplugin", "pk": 42, "fields": {"path": "000N", "depth": 1, "numchild": 0, "placeholder": 12, "parent": null, "position": 1, "language": "en", "plugin_type": "PicturePlugin", "creation_date": "2018-03-15T17:40:13.876", "changed_date": "2018-03-15T17:42:53.326"}}, {"model": "cms.cmsplugin", "pk": 43, "fields": {"path": "000H0001", "depth": 2, "numchild": 0, "placeholder": 17, "parent": 32, "position": 0, "language": "en", "plugin_type": "PicturePlugin", "creation_date": "2018-03-15T17:48:56.570", "changed_date": "2018-03-22T16:37:41.091"}}, {"model": "cms.cmsplugin", "pk": 46, "fields": {"path": "000H0002", "depth": 2, "numchild": 0, "placeholder": 17, "parent": 32, "position": 1, "language": "en", "plugin_type": "PicturePlugin", "creation_date": "2018-03-22T16:38:48.276", "changed_date": "2018-03-22T16:38:48.295"}}, {"model": "cms.cmsplugin", "pk": 53, "fields": {"path": "000O", "depth": 1, "numchild": 2, "placeholder": 18, "parent": null, "position": 0, "language": "en", "plugin_type": "TextPlugin", "creation_date": "2018-03-13T13:47:13.139", "changed_date": "2018-04-12T14:45:24.429"}}, {"model": "cms.cmsplugin", "pk": 54, "fields": {"path": "000O0001", "depth": 2, "numchild": 0, "placeholder": 18, "parent": 53, "position": 0, "language": "en", "plugin_type": "PicturePlugin", "creation_date": "2018-03-15T17:48:56.570", "changed_date": "2018-04-12T14:45:24.378"}}, {"model": "cms.cmsplugin", "pk": 55, "fields": {"path": "000O0002", "depth": 2, "numchild": 0, "placeholder": 18, "parent": 53, "position": 1, "language": "en", "plugin_type": "PicturePlugin", "creation_date": "2018-03-22T16:38:48.276", "changed_date": "2018-04-12T14:45:24.393"}}, {"model": "cms.title", "pk": 4, "fields": {"language": "en", "title": "cms_student_login  (Login information for students)", "page_title": "", "menu_title": "", "meta_description": "", "slug": "cms_student_login", "path": "cms_student_login", "has_url_overwrite": false, "redirect": null, "page": 4, "creation_date": "2018-03-12T14:06:11.621", "published": true, "publisher_is_draft": true, "publisher_public": 5, "publisher_state": 0}}, {"model": "cms.title", "pk": 5, "fields": {"language": "en", "title": "cms_student_login  (Login information for students)", "page_title": "", "menu_title": "", "meta_description": "", "slug": "cms_student_login", "path": "cms_student_login", "has_url_overwrite": false, "redirect": null, "page": 5, "creation_date": "2018-03-12T14:06:11.621", "published": true, "publisher_is_draft": false, "publisher_public": 4, "publisher_state": 1}}, {"model": "cms.title", "pk": 6, "fields": {"language": "en", "title": "cms_admin_main (Technische Documentatie)", "page_title": "", "menu_title": "", "meta_description": "", "slug": "cms_admin_main", "path": "cms_admin_main", "has_url_overwrite": false, "redirect": null, "page": 6, "creation_date": "2018-03-13T13:17:44.426", "published": true, "publisher_is_draft": true, "publisher_public": 7, "publisher_state": 0}}, {"model": "cms.title", "pk": 7, "fields": {"language": "en", "title": "cms_admin_main (Technische Documentatie)", "page_title": "", "menu_title": "", "meta_description": "", "slug": "cms_admin_main", "path": "cms_admin_main", "has_url_overwrite": false, "redirect": null, "page": 7, "creation_date": "2018-03-13T13:17:44.426", "published": true, "publisher_is_draft": false, "publisher_public": 6, "publisher_state": 1}}, {"model": "cms.title", "pk": 8, "fields": {"language": "en", "title": "cms_docent_main (Docent main pagina)", "page_title": "", "menu_title": "", "meta_description": "", "slug": "cms_docent_main", "path": "cms_docent_main", "has_url_overwrite": false, "redirect": null, "page": 8, "creation_date": "2018-03-13T13:34:43.713", "published": true, "publisher_is_draft": true, "publisher_public": 9, "publisher_state": 0}}, {"model": "cms.title", "pk": 9, "fields": {"language": "en", "title": "cms_docent_main (Docent main pagina)", "page_title": "", "menu_title": "", "meta_description": "", "slug": "cms_docent_main", "path": "cms_docent_main", "has_url_overwrite": false, "redirect": null, "page": 9, "creation_date": "2018-03-13T13:34:43.713", "published": true, "publisher_is_draft": false, "publisher_public": 8, "publisher_state": 1}}, {"model": "cms.title", "pk": 10, "fields": {"language": "en", "title": "cms_anonymous_login  (Login page)", "page_title": "", "menu_title": "", "meta_description": "", "slug": "cms_anonymous_login-login-page", "path": "cms_anonymous_login-login-page", "has_url_overwrite": false, "redirect": null, "page": 10, "creation_date": "2018-03-13T13:41:44.821", "published": true, "publisher_is_draft": true, "publisher_public": 11, "publisher_state": 0}}, {"model": "cms.title", "pk": 11, "fields": {"language": "en", "title": "cms_anonymous_login  (Login page)", "page_title": "", "menu_title": "", "meta_description": "", "slug": "cms_anonymous_login-login-page", "path": "cms_anonymous_login-login-page", "has_url_overwrite": false, "redirect": null, "page": 11, "creation_date": "2018-03-13T13:41:44.821", "published": true, "publisher_is_draft": false, "publisher_public": 10, "publisher_state": 1}}, {"model": "cms.title", "pk": 12, "fields": {"language": "en", "title": "cms_anonymous_main (Guest main page)", "page_title": "", "menu_title": "", "meta_description": "", "slug": "cms_anonymous_main-guest-main-page", "path": "cms_anonymous_main-guest-main-page", "has_url_overwrite": false, "redirect": null, "page": 12, "creation_date": "2018-03-13T13:46:25.446", "published": true, "publisher_is_draft": true, "publisher_public": 13, "publisher_state": 0}}, {"model": "cms.title", "pk": 13, "fields": {"language": "en", "title": "cms_anonymous_main (Guest main page)", "page_title": "", "menu_title": "", "meta_description": "", "slug": "cms_anonymous_main-guest-main-page", "path": "cms_anonymous_main-guest-main-page", "has_url_overwrite": false, "redirect": null, "page": 13, "creation_date": "2018-03-13T13:46:25.446", "published": true, "publisher_is_draft": false, "publisher_public": 12, "publisher_state": 1}}, {"model": "cms.title", "pk": 14, "fields": {"language": "en", "title": "cms_anonymous_request (Verzoek van anonieme bezoeker aan admin)", "page_title": "", "menu_title": "", "meta_description": "", "slug": "cms_anonymous_request", "path": "cms_anonymous_request", "has_url_overwrite": false, "redirect": null, "page": 14, "creation_date": "2018-03-13T14:24:35.114", "published": true, "publisher_is_draft": true, "publisher_public": 15, "publisher_state": 0}}, {"model": "cms.title", "pk": 15, "fields": {"language": "en", "title": "cms_anonymous_request (Verzoek van anonieme bezoeker aan admin)", "page_title": "", "menu_title": "", "meta_description": "", "slug": "cms_anonymous_request", "path": "cms_anonymous_request", "has_url_overwrite": false, "redirect": null, "page": 15, "creation_date": "2018-03-13T14:24:35.114", "published": true, "publisher_is_draft": false, "publisher_public": 14, "publisher_state": 1}}, {"model": "cms.staticplaceholder", "pk": 1, "fields": {"name": "", "code": "main", "draft": 7, "public": 8, "dirty": false, "creation_method": "template", "site": null}}, {"model": "cms.staticplaceholder", "pk": 2, "fields": {"name": "", "code": "content", "draft": 9, "public": 10, "dirty": false, "creation_method": "template", "site": null}}, {"model": "cms.urlconfrevision", "pk": 1, "fields": {"revision": "4b6e799e-7378-455f-b193-cbf9197445df"}}, {"model": "easy_thumbnails.source", "pk": 1, "fields": {"storage_hash": "f9bde26a1556cd667f742bd34ec7c55e", "name": "filer_public/34/f4/34f4ca28-7995-4110-aca2-497c5a18f7b5/dummy_hardware_setup.jpg", "modified": "2018-03-15T17:38:38.817"}}, {"model": "easy_thumbnails.source", "pk": 2, "fields": {"storage_hash": "f9bde26a1556cd667f742bd34ec7c55e", "name": "filer_public/14/b8/14b8f3c5-2dbf-4121-b3c3-f49c2cb70a6d/dummy_hardware_setup.jpg", "modified": "2018-03-15T17:40:14.526"}}, {"model": "easy_thumbnails.source", "pk": 3, "fields": {"storage_hash": "f9bde26a1556cd667f742bd34ec7c55e", "name": "filer_public/94/6e/946e4553-83fa-4cad-996a-19bd26b3ff6c/me.jpg", "modified": "2018-03-15T17:41:26.920"}}, {"model": "easy_thumbnails.source", "pk": 4, "fields": {"storage_hash": "f9bde26a1556cd667f742bd34ec7c55e", "name": "filer_public/ab/98/ab9831ce-c9c7-4fed-a4f6-e9604fed1ad5/me.jpg", "modified": "2018-03-15T17:42:04.772"}}, {"model": "easy_thumbnails.source", "pk": 5, "fields": {"storage_hash": "f9bde26a1556cd667f742bd34ec7c55e", "name": "filer_public/bf/fa/bffa636c-29a4-4f58-ab21-e0603c06bf7f/pyathumbdelfi-c3_32789_201803122242_zoomedin.png", "modified": "2018-03-15T17:48:22.710"}}, {"model": "easy_thumbnails.source", "pk": 6, "fields": {"storage_hash": "f9bde26a1556cd667f742bd34ec7c55e", "name": "filer_public/7c/ee/7cee8ff8-4415-4c8b-8cca-2756c146ff22/thumbdelfi-c3_32789_201803131012_zoomedin.png", "modified": "2018-03-15T17:48:56.947"}}, {"model": "easy_thumbnails.source", "pk": 7, "fields": {"storage_hash": "f9bde26a1556cd667f742bd34ec7c55e", "name": "filer_public/be/a8/bea86d6c-9d16-420e-9141-323b847d34a2/me.jpg", "modified": "2018-03-22T16:37:41.467"}}, {"model": "easy_thumbnails.source", "pk": 8, "fields": {"storage_hash": "f9bde26a1556cd667f742bd34ec7c55e", "name": "filer_public/33/34/3334d181-4b58-453c-bec0-0dfd6d40c518/dummy_hardware_setup.jpg", "modified": "2018-03-22T16:38:48.767"}}, {"model": "easy_thumbnails.thumbnail", "pk": 1, "fields": {"storage_hash": "f9bde26a1556cd667f742bd34ec7c55e", "name": "filer_public_thumbnails/filer_public/34/f4/34f4ca28-7995-4110-aca2-497c5a18f7b5/dummy_hardware_setup.jpg__32x32_q85_crop_subsampling-2_upscale.jpg", "modified": "2018-03-15T17:38:38.823", "source": 1}}, {"model": "easy_thumbnails.thumbnail", "pk": 2, "fields": {"storage_hash": "f9bde26a1556cd667f742bd34ec7c55e", "name": "filer_public_thumbnails/filer_public/34/f4/34f4ca28-7995-4110-aca2-497c5a18f7b5/dummy_hardware_setup.jpg__32x32_q85_crop_subsampling-2_upscale@2x.jpg", "modified": "2018-03-15T17:38:38.841", "source": 1}}, {"model": "easy_thumbnails.thumbnail", "pk": 3, "fields": {"storage_hash": "f9bde26a1556cd667f742bd34ec7c55e", "name": "filer_public_thumbnails/filer_public/34/f4/34f4ca28-7995-4110-aca2-497c5a18f7b5/dummy_hardware_setup.jpg__64x64_q85_crop_subsampling-2_upscale.jpg", "modified": "2018-03-15T17:38:38.857", "source": 1}}, {"model": "easy_thumbnails.thumbnail", "pk": 4, "fields": {"storage_hash": "f9bde26a1556cd667f742bd34ec7c55e", "name": "filer_public_thumbnails/filer_public/34/f4/34f4ca28-7995-4110-aca2-497c5a18f7b5/dummy_hardware_setup.jpg__64x64_q85_crop_subsampling-2_upscale@2x.jpg", "modified": "2018-03-15T17:38:38.875", "source": 1}}, {"model": "easy_thumbnails.thumbnail", "pk": 5, "fields": {"storage_hash": "f9bde26a1556cd667f742bd34ec7c55e", "name": "filer_public_thumbnails/filer_public/34/f4/34f4ca28-7995-4110-aca2-497c5a18f7b5/dummy_hardware_setup.jpg__48x48_q85_crop_subsampling-2_upscale.jpg", "modified": "2018-03-15T17:38:38.891", "source": 1}}, {"model": "easy_thumbnails.thumbnail", "pk": 6, "fields": {"storage_hash": "f9bde26a1556cd667f742bd34ec7c55e", "name": "filer_public_thumbnails/filer_public/34/f4/34f4ca28-7995-4110-aca2-497c5a18f7b5/dummy_hardware_setup.jpg__48x48_q85_crop_subsampling-2_upscale@2x.jpg", "modified": "2018-03-15T17:38:38.908", "source": 1}}, {"model": "easy_thumbnails.thumbnail", "pk": 7, "fields": {"storage_hash": "f9bde26a1556cd667f742bd34ec7c55e", "name": "filer_public_thumbnails/filer_public/34/f4/34f4ca28-7995-4110-aca2-497c5a18f7b5/dummy_hardware_setup.jpg__16x16_q85_crop_subsampling-2_upscale.jpg", "modified": "2018-03-15T17:38:38.923", "source": 1}}, {"model": "easy_thumbnails.thumbnail", "pk": 8, "fields": {"storage_hash": "f9bde26a1556cd667f742bd34ec7c55e", "name": "filer_public_thumbnails/filer_public/34/f4/34f4ca28-7995-4110-aca2-497c5a18f7b5/dummy_hardware_setup.jpg__16x16_q85_crop_subsampling-2_upscale@2x.jpg", "modified": "2018-03-15T17:38:38.938", "source": 1}}, {"model": "easy_thumbnails.thumbnail", "pk": 9, "fields": {"storage_hash": "f9bde26a1556cd667f742bd34ec7c55e", "name": "filer_public_thumbnails/filer_public/34/f4/34f4ca28-7995-4110-aca2-497c5a18f7b5/dummy_hardware_setup.jpg__180x180_q85_crop_subsampling-2_upscale.jpg", "modified": "2018-03-15T17:38:38.961", "source": 1}}, {"model": "easy_thumbnails.thumbnail", "pk": 10, "fields": {"storage_hash": "f9bde26a1556cd667f742bd34ec7c55e", "name": "filer_public_thumbnails/filer_public/34/f4/34f4ca28-7995-4110-aca2-497c5a18f7b5/dummy_hardware_setup.jpg__180x180_q85_crop_subsampling-2_upscale@2x.jpg", "modified": "2018-03-15T17:38:38.988", "source": 1}}, {"model": "easy_thumbnails.thumbnail", "pk": 11, "fields": {"storage_hash": "f9bde26a1556cd667f742bd34ec7c55e", "name": "filer_public_thumbnails/filer_public/14/b8/14b8f3c5-2dbf-4121-b3c3-f49c2cb70a6d/dummy_hardware_setup.jpg__32x32_q85_crop_subsampling-2_upscale.jpg", "modified": "2018-03-15T17:40:07.593", "source": 2}}, {"model": "easy_thumbnails.thumbnail", "pk": 12, "fields": {"storage_hash": "f9bde26a1556cd667f742bd34ec7c55e", "name": "filer_public_thumbnails/filer_public/14/b8/14b8f3c5-2dbf-4121-b3c3-f49c2cb70a6d/dummy_hardware_setup.jpg__32x32_q85_crop_subsampling-2_upscale@2x.jpg", "modified": "2018-03-15T17:40:07.610", "source": 2}}, {"model": "easy_thumbnails.thumbnail", "pk": 13, "fields": {"storage_hash": "f9bde26a1556cd667f742bd34ec7c55e", "name": "filer_public_thumbnails/filer_public/14/b8/14b8f3c5-2dbf-4121-b3c3-f49c2cb70a6d/dummy_hardware_setup.jpg__64x64_q85_crop_subsampling-2_upscale.jpg", "modified": "2018-03-15T17:40:07.631", "source": 2}}, {"model": "easy_thumbnails.thumbnail", "pk": 14, "fields": {"storage_hash": "f9bde26a1556cd667f742bd34ec7c55e", "name": "filer_public_thumbnails/filer_public/14/b8/14b8f3c5-2dbf-4121-b3c3-f49c2cb70a6d/dummy_hardware_setup.jpg__64x64_q85_crop_subsampling-2_upscale@2x.jpg", "modified": "2018-03-15T17:40:07.649", "source": 2}}, {"model": "easy_thumbnails.thumbnail", "pk": 15, "fields": {"storage_hash": "f9bde26a1556cd667f742bd34ec7c55e", "name": "filer_public_thumbnails/filer_public/14/b8/14b8f3c5-2dbf-4121-b3c3-f49c2cb70a6d/dummy_hardware_setup.jpg__48x48_q85_crop_subsampling-2_upscale.jpg", "modified": "2018-03-15T17:40:07.666", "source": 2}}, {"model": "easy_thumbnails.thumbnail", "pk": 16, "fields": {"storage_hash": "f9bde26a1556cd667f742bd34ec7c55e", "name": "filer_public_thumbnails/filer_public/14/b8/14b8f3c5-2dbf-4121-b3c3-f49c2cb70a6d/dummy_hardware_setup.jpg__48x48_q85_crop_subsampling-2_upscale@2x.jpg", "modified": "2018-03-15T17:40:07.683", "source": 2}}, {"model": "easy_thumbnails.thumbnail", "pk": 17, "fields": {"storage_hash": "f9bde26a1556cd667f742bd34ec7c55e", "name": "filer_public_thumbnails/filer_public/14/b8/14b8f3c5-2dbf-4121-b3c3-f49c2cb70a6d/dummy_hardware_setup.jpg__16x16_q85_crop_subsampling-2_upscale.jpg", "modified": "2018-03-15T17:40:07.699", "source": 2}}, {"model": "easy_thumbnails.thumbnail", "pk": 18, "fields": {"storage_hash": "f9bde26a1556cd667f742bd34ec7c55e", "name": "filer_public_thumbnails/filer_public/14/b8/14b8f3c5-2dbf-4121-b3c3-f49c2cb70a6d/dummy_hardware_setup.jpg__16x16_q85_crop_subsampling-2_upscale@2x.jpg", "modified": "2018-03-15T17:40:07.715", "source": 2}}, {"model": "easy_thumbnails.thumbnail", "pk": 19, "fields": {"storage_hash": "f9bde26a1556cd667f742bd34ec7c55e", "name": "filer_public_thumbnails/filer_public/14/b8/14b8f3c5-2dbf-4121-b3c3-f49c2cb70a6d/dummy_hardware_setup.jpg__180x180_q85_crop_subsampling-2_upscale.jpg", "modified": "2018-03-15T17:40:07.739", "source": 2}}, {"model": "easy_thumbnails.thumbnail", "pk": 20, "fields": {"storage_hash": "f9bde26a1556cd667f742bd34ec7c55e", "name": "filer_public_thumbnails/filer_public/14/b8/14b8f3c5-2dbf-4121-b3c3-f49c2cb70a6d/dummy_hardware_setup.jpg__180x180_q85_crop_subsampling-2_upscale@2x.jpg", "modified": "2018-03-15T17:40:07.766", "source": 2}}, {"model": "easy_thumbnails.thumbnail", "pk": 21, "fields": {"storage_hash": "f9bde26a1556cd667f742bd34ec7c55e", "name": "filer_public_thumbnails/filer_public/14/b8/14b8f3c5-2dbf-4121-b3c3-f49c2cb70a6d/dummy_hardware_setup.jpg__600x415_q85_subsampling-2.jpg", "modified": "2018-03-15T17:40:14.553", "source": 2}}, {"model": "easy_thumbnails.thumbnail", "pk": 22, "fields": {"storage_hash": "f9bde26a1556cd667f742bd34ec7c55e", "name": "filer_public_thumbnails/filer_public/14/b8/14b8f3c5-2dbf-4121-b3c3-f49c2cb70a6d/dummy_hardware_setup.jpg__600x415_q85_subsampling-2@2x.jpg", "modified": "2018-03-15T17:40:14.596", "source": 2}}, {"model": "easy_thumbnails.thumbnail", "pk": 23, "fields": {"storage_hash": "f9bde26a1556cd667f742bd34ec7c55e", "name": "filer_public_thumbnails/filer_public/94/6e/946e4553-83fa-4cad-996a-19bd26b3ff6c/me.jpg__32x32_q85_crop_subsampling-2_upscale.jpg", "modified": "2018-03-15T17:41:26.926", "source": 3}}, {"model": "easy_thumbnails.thumbnail", "pk": 24, "fields": {"storage_hash": "f9bde26a1556cd667f742bd34ec7c55e", "name": "filer_public_thumbnails/filer_public/94/6e/946e4553-83fa-4cad-996a-19bd26b3ff6c/me.jpg__32x32_q85_crop_subsampling-2_upscale@2x.jpg", "modified": "2018-03-15T17:41:26.937", "source": 3}}, {"model": "easy_thumbnails.thumbnail", "pk": 25, "fields": {"storage_hash": "f9bde26a1556cd667f742bd34ec7c55e", "name": "filer_public_thumbnails/filer_public/94/6e/946e4553-83fa-4cad-996a-19bd26b3ff6c/me.jpg__64x64_q85_crop_subsampling-2_upscale.jpg", "modified": "2018-03-15T17:41:26.948", "source": 3}}, {"model": "easy_thumbnails.thumbnail", "pk": 26, "fields": {"storage_hash": "f9bde26a1556cd667f742bd34ec7c55e", "name": "filer_public_thumbnails/filer_public/94/6e/946e4553-83fa-4cad-996a-19bd26b3ff6c/me.jpg__64x64_q85_crop_subsampling-2_upscale@2x.jpg", "modified": "2018-03-15T17:41:26.961", "source": 3}}, {"model": "easy_thumbnails.thumbnail", "pk": 27, "fields": {"storage_hash": "f9bde26a1556cd667f742bd34ec7c55e", "name": "filer_public_thumbnails/filer_public/94/6e/946e4553-83fa-4cad-996a-19bd26b3ff6c/me.jpg__48x48_q85_crop_subsampling-2_upscale.jpg", "modified": "2018-03-15T17:41:26.975", "source": 3}}, {"model": "easy_thumbnails.thumbnail", "pk": 28, "fields": {"storage_hash": "f9bde26a1556cd667f742bd34ec7c55e", "name": "filer_public_thumbnails/filer_public/94/6e/946e4553-83fa-4cad-996a-19bd26b3ff6c/me.jpg__48x48_q85_crop_subsampling-2_upscale@2x.jpg", "modified": "2018-03-15T17:41:27.021", "source": 3}}, {"model": "easy_thumbnails.thumbnail", "pk": 29, "fields": {"storage_hash": "f9bde26a1556cd667f742bd34ec7c55e", "name": "filer_public_thumbnails/filer_public/94/6e/946e4553-83fa-4cad-996a-19bd26b3ff6c/me.jpg__16x16_q85_crop_subsampling-2_upscale.jpg", "modified": "2018-03-15T17:41:27.048", "source": 3}}, {"model": "easy_thumbnails.thumbnail", "pk": 30, "fields": {"storage_hash": "f9bde26a1556cd667f742bd34ec7c55e", "name": "filer_public_thumbnails/filer_public/94/6e/946e4553-83fa-4cad-996a-19bd26b3ff6c/me.jpg__16x16_q85_crop_subsampling-2_upscale@2x.jpg", "modified": "2018-03-15T17:41:27.068", "source": 3}}, {"model": "easy_thumbnails.thumbnail", "pk": 31, "fields": {"storage_hash": "f9bde26a1556cd667f742bd34ec7c55e", "name": "filer_public_thumbnails/filer_public/94/6e/946e4553-83fa-4cad-996a-19bd26b3ff6c/me.jpg__180x180_q85_crop_subsampling-2_upscale.jpg", "modified": "2018-03-15T17:41:27.089", "source": 3}}, {"model": "easy_thumbnails.thumbnail", "pk": 32, "fields": {"storage_hash": "f9bde26a1556cd667f742bd34ec7c55e", "name": "filer_public_thumbnails/filer_public/94/6e/946e4553-83fa-4cad-996a-19bd26b3ff6c/me.jpg__180x180_q85_crop_subsampling-2_upscale@2x.jpg", "modified": "2018-03-15T17:41:27.111", "source": 3}}, {"model": "easy_thumbnails.thumbnail", "pk": 33, "fields": {"storage_hash": "f9bde26a1556cd667f742bd34ec7c55e", "name": "filer_public_thumbnails/filer_public/ab/98/ab9831ce-c9c7-4fed-a4f6-e9604fed1ad5/me.jpg__32x32_q85_crop_subsampling-2_upscale.jpg", "modified": "2018-03-15T17:41:59.065", "source": 4}}, {"model": "easy_thumbnails.thumbnail", "pk": 34, "fields": {"storage_hash": "f9bde26a1556cd667f742bd34ec7c55e", "name": "filer_public_thumbnails/filer_public/ab/98/ab9831ce-c9c7-4fed-a4f6-e9604fed1ad5/me.jpg__32x32_q85_crop_subsampling-2_upscale@2x.jpg", "modified": "2018-03-15T17:41:59.078", "source": 4}}, {"model": "easy_thumbnails.thumbnail", "pk": 35, "fields": {"storage_hash": "f9bde26a1556cd667f742bd34ec7c55e", "name": "filer_public_thumbnails/filer_public/ab/98/ab9831ce-c9c7-4fed-a4f6-e9604fed1ad5/me.jpg__64x64_q85_crop_subsampling-2_upscale.jpg", "modified": "2018-03-15T17:41:59.095", "source": 4}}, {"model": "easy_thumbnails.thumbnail", "pk": 36, "fields": {"storage_hash": "f9bde26a1556cd667f742bd34ec7c55e", "name": "filer_public_thumbnails/filer_public/ab/98/ab9831ce-c9c7-4fed-a4f6-e9604fed1ad5/me.jpg__64x64_q85_crop_subsampling-2_upscale@2x.jpg", "modified": "2018-03-15T17:41:59.109", "source": 4}}, {"model": "easy_thumbnails.thumbnail", "pk": 37, "fields": {"storage_hash": "f9bde26a1556cd667f742bd34ec7c55e", "name": "filer_public_thumbnails/filer_public/ab/98/ab9831ce-c9c7-4fed-a4f6-e9604fed1ad5/me.jpg__48x48_q85_crop_subsampling-2_upscale.jpg", "modified": "2018-03-15T17:41:59.123", "source": 4}}, {"model": "easy_thumbnails.thumbnail", "pk": 38, "fields": {"storage_hash": "f9bde26a1556cd667f742bd34ec7c55e", "name": "filer_public_thumbnails/filer_public/ab/98/ab9831ce-c9c7-4fed-a4f6-e9604fed1ad5/me.jpg__48x48_q85_crop_subsampling-2_upscale@2x.jpg", "modified": "2018-03-15T17:41:59.135", "source": 4}}, {"model": "easy_thumbnails.thumbnail", "pk": 39, "fields": {"storage_hash": "f9bde26a1556cd667f742bd34ec7c55e", "name": "filer_public_thumbnails/filer_public/ab/98/ab9831ce-c9c7-4fed-a4f6-e9604fed1ad5/me.jpg__16x16_q85_crop_subsampling-2_upscale.jpg", "modified": "2018-03-15T17:41:59.148", "source": 4}}, {"model": "easy_thumbnails.thumbnail", "pk": 40, "fields": {"storage_hash": "f9bde26a1556cd667f742bd34ec7c55e", "name": "filer_public_thumbnails/filer_public/ab/98/ab9831ce-c9c7-4fed-a4f6-e9604fed1ad5/me.jpg__16x16_q85_crop_subsampling-2_upscale@2x.jpg", "modified": "2018-03-15T17:41:59.211", "source": 4}}, {"model": "easy_thumbnails.thumbnail", "pk": 41, "fields": {"storage_hash": "f9bde26a1556cd667f742bd34ec7c55e", "name": "filer_public_thumbnails/filer_public/ab/98/ab9831ce-c9c7-4fed-a4f6-e9604fed1ad5/me.jpg__180x180_q85_crop_subsampling-2_upscale.jpg", "modified": "2018-03-15T17:41:59.301", "source": 4}}, {"model": "easy_thumbnails.thumbnail", "pk": 42, "fields": {"storage_hash": "f9bde26a1556cd667f742bd34ec7c55e", "name": "filer_public_thumbnails/filer_public/ab/98/ab9831ce-c9c7-4fed-a4f6-e9604fed1ad5/me.jpg__180x180_q85_crop_subsampling-2_upscale@2x.jpg", "modified": "2018-03-15T17:41:59.333", "source": 4}}, {"model": "easy_thumbnails.thumbnail", "pk": 43, "fields": {"storage_hash": "f9bde26a1556cd667f742bd34ec7c55e", "name": "filer_public_thumbnails/filer_public/ab/98/ab9831ce-c9c7-4fed-a4f6-e9604fed1ad5/me.jpg__257x196_q85_subsampling-2.jpg", "modified": "2018-03-15T17:42:04.780", "source": 4}}, {"model": "easy_thumbnails.thumbnail", "pk": 44, "fields": {"storage_hash": "f9bde26a1556cd667f742bd34ec7c55e", "name": "filer_public_thumbnails/filer_public/ab/98/ab9831ce-c9c7-4fed-a4f6-e9604fed1ad5/me.jpg__257x196_q85_subsampling-2@2x.jpg", "modified": "2018-03-15T17:42:04.801", "source": 4}}, {"model": "easy_thumbnails.thumbnail", "pk": 45, "fields": {"storage_hash": "f9bde26a1556cd667f742bd34ec7c55e", "name": "filer_public_thumbnails/filer_public/bf/fa/bffa636c-29a4-4f58-ab21-e0603c06bf7f/pyathumbdelfi-c3_32789_201803122242_zoomedin.png__32x32_q85_crop_subsampling-2_upscale.png", "modified": "2018-03-15T17:48:22.716", "source": 5}}, {"model": "easy_thumbnails.thumbnail", "pk": 46, "fields": {"storage_hash": "f9bde26a1556cd667f742bd34ec7c55e", "name": "filer_public_thumbnails/filer_public/bf/fa/bffa636c-29a4-4f58-ab21-e0603c06bf7f/pyathumbdelfi-c3_32789_201803122242_zoomedin.png__32x32_q85_crop_subsampling-2_upscale@2x.png", "modified": "2018-03-15T17:48:22.786", "source": 5}}, {"model": "easy_thumbnails.thumbnail", "pk": 47, "fields": {"storage_hash": "f9bde26a1556cd667f742bd34ec7c55e", "name": "filer_public_thumbnails/filer_public/bf/fa/bffa636c-29a4-4f58-ab21-e0603c06bf7f/pyathumbdelfi-c3_32789_201803122242_zoomedin.png__64x64_q85_crop_subsampling-2_upscale.png", "modified": "2018-03-15T17:48:22.819", "source": 5}}, {"model": "easy_thumbnails.thumbnail", "pk": 48, "fields": {"storage_hash": "f9bde26a1556cd667f742bd34ec7c55e", "name": "filer_public_thumbnails/filer_public/bf/fa/bffa636c-29a4-4f58-ab21-e0603c06bf7f/pyathumbdelfi-c3_32789_201803122242_zoomedin.png__64x64_q85_crop_subsampling-2_upscale@2x.png", "modified": "2018-03-15T17:48:22.847", "source": 5}}, {"model": "easy_thumbnails.thumbnail", "pk": 49, "fields": {"storage_hash": "f9bde26a1556cd667f742bd34ec7c55e", "name": "filer_public_thumbnails/filer_public/bf/fa/bffa636c-29a4-4f58-ab21-e0603c06bf7f/pyathumbdelfi-c3_32789_201803122242_zoomedin.png__48x48_q85_crop_subsampling-2_upscale.png", "modified": "2018-03-15T17:48:22.921", "source": 5}}, {"model": "easy_thumbnails.thumbnail", "pk": 50, "fields": {"storage_hash": "f9bde26a1556cd667f742bd34ec7c55e", "name": "filer_public_thumbnails/filer_public/bf/fa/bffa636c-29a4-4f58-ab21-e0603c06bf7f/pyathumbdelfi-c3_32789_201803122242_zoomedin.png__48x48_q85_crop_subsampling-2_upscale@2x.png", "modified": "2018-03-15T17:48:22.944", "source": 5}}, {"model": "easy_thumbnails.thumbnail", "pk": 51, "fields": {"storage_hash": "f9bde26a1556cd667f742bd34ec7c55e", "name": "filer_public_thumbnails/filer_public/bf/fa/bffa636c-29a4-4f58-ab21-e0603c06bf7f/pyathumbdelfi-c3_32789_201803122242_zoomedin.png__16x16_q85_crop_subsampling-2_upscale.png", "modified": "2018-03-15T17:48:22.956", "source": 5}}, {"model": "easy_thumbnails.thumbnail", "pk": 52, "fields": {"storage_hash": "f9bde26a1556cd667f742bd34ec7c55e", "name": "filer_public_thumbnails/filer_public/bf/fa/bffa636c-29a4-4f58-ab21-e0603c06bf7f/pyathumbdelfi-c3_32789_201803122242_zoomedin.png__16x16_q85_crop_subsampling-2_upscale@2x.png", "modified": "2018-03-15T17:48:22.976", "source": 5}}, {"model": "easy_thumbnails.thumbnail", "pk": 53, "fields": {"storage_hash": "f9bde26a1556cd667f742bd34ec7c55e", "name": "filer_public_thumbnails/filer_public/bf/fa/bffa636c-29a4-4f58-ab21-e0603c06bf7f/pyathumbdelfi-c3_32789_201803122242_zoomedin.png__180x180_q85_crop_subsampling-2_upscale.png", "modified": "2018-03-15T17:48:23.005", "source": 5}}, {"model": "easy_thumbnails.thumbnail", "pk": 54, "fields": {"storage_hash": "f9bde26a1556cd667f742bd34ec7c55e", "name": "filer_public_thumbnails/filer_public/bf/fa/bffa636c-29a4-4f58-ab21-e0603c06bf7f/pyathumbdelfi-c3_32789_201803122242_zoomedin.png__180x180_q85_crop_subsampling-2_upscale@2x.png", "modified": "2018-03-15T17:48:23.058", "source": 5}}, {"model": "easy_thumbnails.thumbnail", "pk": 55, "fields": {"storage_hash": "f9bde26a1556cd667f742bd34ec7c55e", "name": "filer_public_thumbnails/filer_public/7c/ee/7cee8ff8-4415-4c8b-8cca-2756c146ff22/thumbdelfi-c3_32789_201803131012_zoomedin.png__32x32_q85_crop_subsampling-2_upscale.png", "modified": "2018-03-15T17:48:40.985", "source": 6}}, {"model": "easy_thumbnails.thumbnail", "pk": 56, "fields": {"storage_hash": "f9bde26a1556cd667f742bd34ec7c55e", "name": "filer_public_thumbnails/filer_public/7c/ee/7cee8ff8-4415-4c8b-8cca-2756c146ff22/thumbdelfi-c3_32789_201803131012_zoomedin.png__32x32_q85_crop_subsampling-2_upscale@2x.png", "modified": "2018-03-15T17:48:41.002", "source": 6}}, {"model": "easy_thumbnails.thumbnail", "pk": 57, "fields": {"storage_hash": "f9bde26a1556cd667f742bd34ec7c55e", "name": "filer_public_thumbnails/filer_public/7c/ee/7cee8ff8-4415-4c8b-8cca-2756c146ff22/thumbdelfi-c3_32789_201803131012_zoomedin.png__64x64_q85_crop_subsampling-2_upscale.png", "modified": "2018-03-15T17:48:41.020", "source": 6}}, {"model": "easy_thumbnails.thumbnail", "pk": 58, "fields": {"storage_hash": "f9bde26a1556cd667f742bd34ec7c55e", "name": "filer_public_thumbnails/filer_public/7c/ee/7cee8ff8-4415-4c8b-8cca-2756c146ff22/thumbdelfi-c3_32789_201803131012_zoomedin.png__64x64_q85_crop_subsampling-2_upscale@2x.png", "modified": "2018-03-15T17:48:41.040", "source": 6}}, {"model": "easy_thumbnails.thumbnail", "pk": 59, "fields": {"storage_hash": "f9bde26a1556cd667f742bd34ec7c55e", "name": "filer_public_thumbnails/filer_public/7c/ee/7cee8ff8-4415-4c8b-8cca-2756c146ff22/thumbdelfi-c3_32789_201803131012_zoomedin.png__48x48_q85_crop_subsampling-2_upscale.png", "modified": "2018-03-15T17:48:41.053", "source": 6}}, {"model": "easy_thumbnails.thumbnail", "pk": 60, "fields": {"storage_hash": "f9bde26a1556cd667f742bd34ec7c55e", "name": "filer_public_thumbnails/filer_public/7c/ee/7cee8ff8-4415-4c8b-8cca-2756c146ff22/thumbdelfi-c3_32789_201803131012_zoomedin.png__48x48_q85_crop_subsampling-2_upscale@2x.png", "modified": "2018-03-15T17:48:41.069", "source": 6}}, {"model": "easy_thumbnails.thumbnail", "pk": 61, "fields": {"storage_hash": "f9bde26a1556cd667f742bd34ec7c55e", "name": "filer_public_thumbnails/filer_public/7c/ee/7cee8ff8-4415-4c8b-8cca-2756c146ff22/thumbdelfi-c3_32789_201803131012_zoomedin.png__16x16_q85_crop_subsampling-2_upscale.png", "modified": "2018-03-15T17:48:41.082", "source": 6}}, {"model": "easy_thumbnails.thumbnail", "pk": 62, "fields": {"storage_hash": "f9bde26a1556cd667f742bd34ec7c55e", "name": "filer_public_thumbnails/filer_public/7c/ee/7cee8ff8-4415-4c8b-8cca-2756c146ff22/thumbdelfi-c3_32789_201803131012_zoomedin.png__16x16_q85_crop_subsampling-2_upscale@2x.png", "modified": "2018-03-15T17:48:41.095", "source": 6}}, {"model": "easy_thumbnails.thumbnail", "pk": 63, "fields": {"storage_hash": "f9bde26a1556cd667f742bd34ec7c55e", "name": "filer_public_thumbnails/filer_public/7c/ee/7cee8ff8-4415-4c8b-8cca-2756c146ff22/thumbdelfi-c3_32789_201803131012_zoomedin.png__180x180_q85_crop_subsampling-2_upscale.png", "modified": "2018-03-15T17:48:41.124", "source": 6}}, {"model": "easy_thumbnails.thumbnail", "pk": 64, "fields": {"storage_hash": "f9bde26a1556cd667f742bd34ec7c55e", "name": "filer_public_thumbnails/filer_public/7c/ee/7cee8ff8-4415-4c8b-8cca-2756c146ff22/thumbdelfi-c3_32789_201803131012_zoomedin.png__180x180_q85_crop_subsampling-2_upscale@2x.png", "modified": "2018-03-15T17:48:41.174", "source": 6}}, {"model": "easy_thumbnails.thumbnail", "pk": 65, "fields": {"storage_hash": "f9bde26a1556cd667f742bd34ec7c55e", "name": "filer_public_thumbnails/filer_public/7c/ee/7cee8ff8-4415-4c8b-8cca-2756c146ff22/thumbdelfi-c3_32789_201803131012_zoomedin.png__400x214_q85_subsampling-2.png", "modified": "2018-03-15T17:48:56.953", "source": 6}}, {"model": "easy_thumbnails.thumbnail", "pk": 66, "fields": {"storage_hash": "f9bde26a1556cd667f742bd34ec7c55e", "name": "filer_public_thumbnails/filer_public/7c/ee/7cee8ff8-4415-4c8b-8cca-2756c146ff22/thumbdelfi-c3_32789_201803131012_zoomedin.png__400x214_q85_subsampling-2@2x.png", "modified": "2018-03-15T17:48:56.991", "source": 6}}, {"model": "easy_thumbnails.thumbnail", "pk": 67, "fields": {"storage_hash": "f9bde26a1556cd667f742bd34ec7c55e", "name": "filer_public_thumbnails/filer_public/be/a8/bea86d6c-9d16-420e-9141-323b847d34a2/me.jpg__32x32_q85_crop_subsampling-2_upscale.jpg", "modified": "2018-03-22T16:37:38.448", "source": 7}}, {"model": "easy_thumbnails.thumbnail", "pk": 68, "fields": {"storage_hash": "f9bde26a1556cd667f742bd34ec7c55e", "name": "filer_public_thumbnails/filer_public/be/a8/bea86d6c-9d16-420e-9141-323b847d34a2/me.jpg__32x32_q85_crop_subsampling-2_upscale@2x.jpg", "modified": "2018-03-22T16:37:38.467", "source": 7}}, {"model": "easy_thumbnails.thumbnail", "pk": 69, "fields": {"storage_hash": "f9bde26a1556cd667f742bd34ec7c55e", "name": "filer_public_thumbnails/filer_public/be/a8/bea86d6c-9d16-420e-9141-323b847d34a2/me.jpg__64x64_q85_crop_subsampling-2_upscale.jpg", "modified": "2018-03-22T16:37:38.480", "source": 7}}, {"model": "easy_thumbnails.thumbnail", "pk": 70, "fields": {"storage_hash": "f9bde26a1556cd667f742bd34ec7c55e", "name": "filer_public_thumbnails/filer_public/be/a8/bea86d6c-9d16-420e-9141-323b847d34a2/me.jpg__64x64_q85_crop_subsampling-2_upscale@2x.jpg", "modified": "2018-03-22T16:37:38.493", "source": 7}}, {"model": "easy_thumbnails.thumbnail", "pk": 71, "fields": {"storage_hash": "f9bde26a1556cd667f742bd34ec7c55e", "name": "filer_public_thumbnails/filer_public/be/a8/bea86d6c-9d16-420e-9141-323b847d34a2/me.jpg__48x48_q85_crop_subsampling-2_upscale.jpg", "modified": "2018-03-22T16:37:38.503", "source": 7}}, {"model": "easy_thumbnails.thumbnail", "pk": 72, "fields": {"storage_hash": "f9bde26a1556cd667f742bd34ec7c55e", "name": "filer_public_thumbnails/filer_public/be/a8/bea86d6c-9d16-420e-9141-323b847d34a2/me.jpg__48x48_q85_crop_subsampling-2_upscale@2x.jpg", "modified": "2018-03-22T16:37:38.514", "source": 7}}, {"model": "easy_thumbnails.thumbnail", "pk": 73, "fields": {"storage_hash": "f9bde26a1556cd667f742bd34ec7c55e", "name": "filer_public_thumbnails/filer_public/be/a8/bea86d6c-9d16-420e-9141-323b847d34a2/me.jpg__16x16_q85_crop_subsampling-2_upscale.jpg", "modified": "2018-03-22T16:37:38.523", "source": 7}}, {"model": "easy_thumbnails.thumbnail", "pk": 74, "fields": {"storage_hash": "f9bde26a1556cd667f742bd34ec7c55e", "name": "filer_public_thumbnails/filer_public/be/a8/bea86d6c-9d16-420e-9141-323b847d34a2/me.jpg__16x16_q85_crop_subsampling-2_upscale@2x.jpg", "modified": "2018-03-22T16:37:38.535", "source": 7}}, {"model": "easy_thumbnails.thumbnail", "pk": 75, "fields": {"storage_hash": "f9bde26a1556cd667f742bd34ec7c55e", "name": "filer_public_thumbnails/filer_public/be/a8/bea86d6c-9d16-420e-9141-323b847d34a2/me.jpg__180x180_q85_crop_subsampling-2_upscale.jpg", "modified": "2018-03-22T16:37:38.554", "source": 7}}, {"model": "easy_thumbnails.thumbnail", "pk": 76, "fields": {"storage_hash": "f9bde26a1556cd667f742bd34ec7c55e", "name": "filer_public_thumbnails/filer_public/be/a8/bea86d6c-9d16-420e-9141-323b847d34a2/me.jpg__180x180_q85_crop_subsampling-2_upscale@2x.jpg", "modified": "2018-03-22T16:37:38.575", "source": 7}}, {"model": "easy_thumbnails.thumbnail", "pk": 77, "fields": {"storage_hash": "f9bde26a1556cd667f742bd34ec7c55e", "name": "filer_public_thumbnails/filer_public/be/a8/bea86d6c-9d16-420e-9141-323b847d34a2/me.jpg__257x196_q85_subsampling-2.jpg", "modified": "2018-03-22T16:37:41.474", "source": 7}}, {"model": "easy_thumbnails.thumbnail", "pk": 78, "fields": {"storage_hash": "f9bde26a1556cd667f742bd34ec7c55e", "name": "filer_public_thumbnails/filer_public/be/a8/bea86d6c-9d16-420e-9141-323b847d34a2/me.jpg__257x196_q85_subsampling-2@2x.jpg", "modified": "2018-03-22T16:37:41.487", "source": 7}}, {"model": "easy_thumbnails.thumbnail", "pk": 79, "fields": {"storage_hash": "f9bde26a1556cd667f742bd34ec7c55e", "name": "filer_public_thumbnails/filer_public/33/34/3334d181-4b58-453c-bec0-0dfd6d40c518/dummy_hardware_setup.jpg__32x32_q85_crop_subsampling-2_upscale.jpg", "modified": "2018-03-22T16:38:46.417", "source": 8}}, {"model": "easy_thumbnails.thumbnail", "pk": 80, "fields": {"storage_hash": "f9bde26a1556cd667f742bd34ec7c55e", "name": "filer_public_thumbnails/filer_public/33/34/3334d181-4b58-453c-bec0-0dfd6d40c518/dummy_hardware_setup.jpg__32x32_q85_crop_subsampling-2_upscale@2x.jpg", "modified": "2018-03-22T16:38:46.436", "source": 8}}, {"model": "easy_thumbnails.thumbnail", "pk": 81, "fields": {"storage_hash": "f9bde26a1556cd667f742bd34ec7c55e", "name": "filer_public_thumbnails/filer_public/33/34/3334d181-4b58-453c-bec0-0dfd6d40c518/dummy_hardware_setup.jpg__64x64_q85_crop_subsampling-2_upscale.jpg", "modified": "2018-03-22T16:38:46.453", "source": 8}}, {"model": "easy_thumbnails.thumbnail", "pk": 82, "fields": {"storage_hash": "f9bde26a1556cd667f742bd34ec7c55e", "name": "filer_public_thumbnails/filer_public/33/34/3334d181-4b58-453c-bec0-0dfd6d40c518/dummy_hardware_setup.jpg__64x64_q85_crop_subsampling-2_upscale@2x.jpg", "modified": "2018-03-22T16:38:46.474", "source": 8}}, {"model": "easy_thumbnails.thumbnail", "pk": 83, "fields": {"storage_hash": "f9bde26a1556cd667f742bd34ec7c55e", "name": "filer_public_thumbnails/filer_public/33/34/3334d181-4b58-453c-bec0-0dfd6d40c518/dummy_hardware_setup.jpg__48x48_q85_crop_subsampling-2_upscale.jpg", "modified": "2018-03-22T16:38:46.490", "source": 8}}, {"model": "easy_thumbnails.thumbnail", "pk": 84, "fields": {"storage_hash": "f9bde26a1556cd667f742bd34ec7c55e", "name": "filer_public_thumbnails/filer_public/33/34/3334d181-4b58-453c-bec0-0dfd6d40c518/dummy_hardware_setup.jpg__48x48_q85_crop_subsampling-2_upscale@2x.jpg", "modified": "2018-03-22T16:38:46.507", "source": 8}}, {"model": "easy_thumbnails.thumbnail", "pk": 85, "fields": {"storage_hash": "f9bde26a1556cd667f742bd34ec7c55e", "name": "filer_public_thumbnails/filer_public/33/34/3334d181-4b58-453c-bec0-0dfd6d40c518/dummy_hardware_setup.jpg__16x16_q85_crop_subsampling-2_upscale.jpg", "modified": "2018-03-22T16:38:46.522", "source": 8}}, {"model": "easy_thumbnails.thumbnail", "pk": 86, "fields": {"storage_hash": "f9bde26a1556cd667f742bd34ec7c55e", "name": "filer_public_thumbnails/filer_public/33/34/3334d181-4b58-453c-bec0-0dfd6d40c518/dummy_hardware_setup.jpg__16x16_q85_crop_subsampling-2_upscale@2x.jpg", "modified": "2018-03-22T16:38:46.537", "source": 8}}, {"model": "easy_thumbnails.thumbnail", "pk": 87, "fields": {"storage_hash": "f9bde26a1556cd667f742bd34ec7c55e", "name": "filer_public_thumbnails/filer_public/33/34/3334d181-4b58-453c-bec0-0dfd6d40c518/dummy_hardware_setup.jpg__180x180_q85_crop_subsampling-2_upscale.jpg", "modified": "2018-03-22T16:38:46.559", "source": 8}}, {"model": "easy_thumbnails.thumbnail", "pk": 88, "fields": {"storage_hash": "f9bde26a1556cd667f742bd34ec7c55e", "name": "filer_public_thumbnails/filer_public/33/34/3334d181-4b58-453c-bec0-0dfd6d40c518/dummy_hardware_setup.jpg__180x180_q85_crop_subsampling-2_upscale@2x.jpg", "modified": "2018-03-22T16:38:46.585", "source": 8}}, {"model": "easy_thumbnails.thumbnail", "pk": 89, "fields": {"storage_hash": "f9bde26a1556cd667f742bd34ec7c55e", "name": "filer_public_thumbnails/filer_public/33/34/3334d181-4b58-453c-bec0-0dfd6d40c518/dummy_hardware_setup.jpg__600x415_q85_subsampling-2.jpg", "modified": "2018-03-22T16:38:48.774", "source": 8}}, {"model": "easy_thumbnails.thumbnail", "pk": 90, "fields": {"storage_hash": "f9bde26a1556cd667f742bd34ec7c55e", "name": "filer_public_thumbnails/filer_public/33/34/3334d181-4b58-453c-bec0-0dfd6d40c518/dummy_hardware_setup.jpg__600x415_q85_subsampling-2@2x.jpg", "modified": "2018-03-22T16:38:48.803", "source": 8}}, {"model": "djangocms_text_ckeditor.text", "pk": 1, "fields": {"body": "<p>Dit is een test</p>"}}, {"model": "djangocms_text_ckeditor.text", "pk": 3, "fields": {"body": "<p><strong>nog meer tekst</strong></p>"}}, {"model": "djangocms_text_ckeditor.text", "pk": 20, "fields": {"body": "<p>Technische documentatie (admin)</p>\n\n<p>Hier alle info</p>\n\n<ul>\n\t<li>cms bewerken</li>\n\t<li>remote server gedeelte\n\t<ul>\n\t\t<li>certificaten remote server gedeelte\n\t\t<ul>\n\t\t\t<li>testen verbinding</li>\n\t\t</ul>\n\t\t</li>\n\t</ul>\n\t</li>\n\t<li>TODO</li>\n</ul>\n\n<p><cms-plugin id=\"39\" alt=\"Image - me.jpg \" title=\"Image - me.jpg\"></cms-plugin></p>\n\n<p>En nog meer tekst</p>"}}, {"model": "djangocms_text_ckeditor.text", "pk": 26, "fields": {"body": "<p>Dit is een test</p>"}}, {"model": "djangocms_text_ckeditor.text", "pk": 27, "fields": {"body": "<p><strong>nog meer tekst</strong></p>"}}, {"model": "djangocms_text_ckeditor.text", "pk": 28, "fields": {"body": "<p>Docent gebruikshanleiding</p>\n\n<p>\u00a0 \u00a0 \u00a0 (Bewerk in CMS\u00a0 \u00a0<a href=\"/cms/cms_docent_main/?edit\">/cms/cms_docent_main/?edit</a></p>"}}, {"model": "djangocms_text_ckeditor.text", "pk": 29, "fields": {"body": "<p>Docent gebruikshanleiding</p>\n\n<p>\u00a0 \u00a0 \u00a0 (Bewerk in CMS\u00a0 \u00a0<a href=\"/cms/cms_docent_main/?edit\">/cms/cms_docent_main/?edit</a></p>"}}, {"model": "djangocms_text_ckeditor.text", "pk": 30, "fields": {"body": "<p>Log in with your credentials</p>"}}, {"model": "djangocms_text_ckeditor.text", "pk": 31, "fields": {"body": "<p>Log in with your credentials</p>"}}, {"model": "djangocms_text_ckeditor.text", "pk": 32, "fields": {"body": "<p>Deze informatie is door admin te bewerken via deze app\u00a0 \u00a0(standaard django cms toegevoegd)\u00a0<br>\nDit gaat via een eenvoudige editor vergelijkbaar met een email samenstellen in html opmaak.</p>\n\n<h1>Dear guest of this website</h1>\n\n<p>This is ..........</p>\n\n<p>\u00a0</p>\n\n<p>A radio wave is usually represented by sinusoidal function that is perfectly described by three parameters: frequency $f_{c}$, amplitude A, and phase $\\phi$. Figure 2 shows a schematic of a radio wave explaining amplitude and phase. Frequency can be determined by dividing the speed of light, c, by the wavelength of the signal, $\\lambda$</p>\n\n<p style=\"margin-bottom: 0.14in; text-align: left;\" lang=\"en-US\">\u00a0</p>\n\n<p>Nice: $$S(t)= A \\; cos(2 \\pi f_{c}t + \\phi_{n})(n-1)T_{s}\\leq t \\leq nT_{s}$$</p>\n\n<p>\u00a0</p>\n\n<p>\u00a0</p>\n\n<p>This is an image of .........</p>\n\n<p><cms-plugin id=\"43\" alt=\"Image - me.jpg \" title=\"Image - me.jpg\"></cms-plugin></p>\n\n<p>Verhaaltje over opstelling met foto van jezelf</p>\n\n<p>foto's hardware &amp; specificaties</p>\n\n<p><cms-plugin id=\"46\" alt=\"Image - dummy_hardware_setup.jpg \" title=\"Image - dummy_hardware_setup.jpg\"></cms-plugin></p>\n\n<p>Deze webapp ........</p>\n\n<ul>\n\t<li>wat kun je ermee</li>\n\t<li>schema plaatje</li>\n\t<li>request indiennen</li>\n</ul>\n\n<p>\u00a0</p>\n\n<p>\u00a0</p>"}}, {"model": "djangocms_text_ckeditor.text", "pk": 34, "fields": {"body": "<p>Here you ask a question to the doptrack admin</p>\n\n<p>After this message is send to the admin you will receive an confirmation sended to the reply email address</p>\n\n<p>The capcha is required to make sure the request is comming from a human.</p>\n\n<p>\u00a0</p>\n\n<p>\u00a0</p>"}}, {"model": "djangocms_text_ckeditor.text", "pk": 37, "fields": {"body": "<p>Here you ask a question to the doptrack admin</p>\n\n<p>After this message is send to the admin you will receive an confirmation sended to the reply email address</p>\n\n<p>The capcha is required to make sure the request is comming from a human.</p>\n\n<p>\u00a0</p>\n\n<p>\u00a0</p>"}}, {"model": "djangocms_text_ckeditor.text", "pk": 40, "fields": {"body": "<p>Technische documentatie (admin)</p>\n\n<p>Hier alle info</p>\n\n<ul>\n\t<li>cms bewerken</li>\n\t<li>remote server gedeelte\n\t<ul>\n\t\t<li>certificaten remote server gedeelte\n\t\t<ul>\n\t\t\t<li>testen verbinding</li>\n\t\t</ul>\n\t\t</li>\n\t</ul>\n\t</li>\n\t<li>TODO</li>\n</ul>\n\n<p><cms-plugin id=\"41\" alt=\"Image - me.jpg \" title=\"Image - me.jpg\"></cms-plugin></p>\n\n<p>En nog meer tekst</p>"}}, {"model": "djangocms_text_ckeditor.text", "pk": 53, "fields": {"body": "<p>Deze informatie is door admin te bewerken via deze app\u00a0 \u00a0(standaard django cms toegevoegd)\u00a0<br>\nDit gaat via een eenvoudige editor vergelijkbaar met een email samenstellen in html opmaak.</p>\n\n<h1>Dear guest of this website</h1>\n\n<p>This is ..........</p>\n\n<p>\u00a0</p>\n\n<p>A radio wave is usually represented by sinusoidal function that is perfectly described by three parameters: frequency $f_{c}$, amplitude A, and phase $\\phi$. Figure 2 shows a schematic of a radio wave explaining amplitude and phase. Frequency can be determined by dividing the speed of light, c, by the wavelength of the signal, $\\lambda$</p>\n\n<p style=\"margin-bottom: 0.14in; text-align: left;\" lang=\"en-US\">\u00a0</p>\n\n<p>Nice: $$S(t)= A \\; cos(2 \\pi f_{c}t + \\phi_{n})(n-1)T_{s}\\leq t \\leq nT_{s}$$</p>\n\n<p>\u00a0</p>\n\n<p>\u00a0</p>\n\n<p>This is an image of .........</p>\n\n<p><cms-plugin id=\"54\" alt=\"Image - me.jpg \" title=\"Image - me.jpg\"></cms-plugin></p>\n\n<p>Verhaaltje over opstelling met foto van jezelf</p>\n\n<p>foto's hardware &amp; specificaties</p>\n\n<p><cms-plugin id=\"55\" alt=\"Image - dummy_hardware_setup.jpg \" title=\"Image - dummy_hardware_setup.jpg\"></cms-plugin></p>\n\n<p>Deze webapp ........</p>\n\n<ul>\n\t<li>wat kun je ermee</li>\n\t<li>schema plaatje</li>\n\t<li>request indiennen</li>\n</ul>\n\n<p>\u00a0</p>\n\n<p>\u00a0</p>"}}, {"model": "djangocms_picture.picture", "pk": 38, "fields": {"template": "default", "picture": 2, "external_picture": "", "width": null, "height": null, "alignment": "", "caption_text": "", "attributes": {}, "link_url": "", "link_page": null, "link_target": "", "link_attributes": {}, "use_automatic_scaling": true, "use_no_cropping": false, "use_crop": false, "use_upscale": false, "thumbnail_options": null}}, {"model": "djangocms_picture.picture", "pk": 39, "fields": {"template": "default", "picture": 4, "external_picture": "", "width": null, "height": null, "alignment": "", "caption_text": "", "attributes": {}, "link_url": "", "link_page": null, "link_target": "", "link_attributes": {}, "use_automatic_scaling": true, "use_no_cropping": false, "use_crop": false, "use_upscale": false, "thumbnail_options": null}}, {"model": "djangocms_picture.picture", "pk": 41, "fields": {"template": "default", "picture": 4, "external_picture": "", "width": null, "height": null, "alignment": "", "caption_text": "", "attributes": {}, "link_url": "", "link_page": null, "link_target": "", "link_attributes": {}, "use_automatic_scaling": true, "use_no_cropping": false, "use_crop": false, "use_upscale": false, "thumbnail_options": null}}, {"model": "djangocms_picture.picture", "pk": 42, "fields": {"template": "default", "picture": 2, "external_picture": "", "width": null, "height": null, "alignment": "", "caption_text": "", "attributes": {}, "link_url": "", "link_page": null, "link_target": "", "link_attributes": {}, "use_automatic_scaling": true, "use_no_cropping": false, "use_crop": false, "use_upscale": false, "thumbnail_options": null}}, {"model": "djangocms_picture.picture", "pk": 43, "fields": {"template": "default", "picture": 7, "external_picture": "", "width": null, "height": null, "alignment": "", "caption_text": "", "attributes": {}, "link_url": "", "link_page": null, "link_target": "", "link_attributes": {}, "use_automatic_scaling": true, "use_no_cropping": false, "use_crop": false, "use_upscale": false, "thumbnail_options": null}}, {"model": "djangocms_picture.picture", "pk": 46, "fields": {"template": "default", "picture": 8, "external_picture": "", "width": null, "height": null, "alignment": "", "caption_text": "", "attributes": {}, "link_url": "", "link_page": null, "link_target": "", "link_attributes": {}, "use_automatic_scaling": true, "use_no_cropping": false, "use_crop": false, "use_upscale": false, "thumbnail_options": null}}, {"model": "djangocms_picture.picture", "pk": 54, "fields": {"template": "default", "picture": 7, "external_picture": "", "width": null, "height": null, "alignment": "", "caption_text": "", "attributes": {}, "link_url": "", "link_page": null, "link_target": "", "link_attributes": {}, "use_automatic_scaling": true, "use_no_cropping": false, "use_crop": false, "use_upscale": false, "thumbnail_options": null}}, {"model": "djangocms_picture.picture", "pk": 55, "fields": {"template": "default", "picture": 8, "external_picture": "", "width": null, "height": null, "alignment": "", "caption_text": "", "attributes": {}, "link_url": "", "link_page": null, "link_target": "", "link_attributes": {}, "use_automatic_scaling": true, "use_no_cropping": false, "use_crop": false, "use_upscale": false, "thumbnail_options": null}}, {"model": "auth.permission", "pk": 1, "fields": {"name": "Can add log entry", "content_type": 1, "codename": "add_logentry"}}, {"model": "auth.permission", "pk": 2, "fields": {"name": "Can change log entry", "content_type": 1, "codename": "change_logentry"}}, {"model": "auth.permission", "pk": 3, "fields": {"name": "Can delete log entry", "content_type": 1, "codename": "delete_logentry"}}, {"model": "auth.permission", "pk": 4, "fields": {"name": "Can add permission", "content_type": 2, "codename": "add_permission"}}, {"model": "auth.permission", "pk": 5, "fields": {"name": "Can change permission", "content_type": 2, "codename": "change_permission"}}, {"model": "auth.permission", "pk": 6, "fields": {"name": "Can delete permission", "content_type": 2, "codename": "delete_permission"}}, {"model": "auth.permission", "pk": 7, "fields": {"name": "Can add group", "content_type": 3, "codename": "add_group"}}, {"model": "auth.permission", "pk": 8, "fields": {"name": "Can change group", "content_type": 3, "codename": "change_group"}}, {"model": "auth.permission", "pk": 9, "fields": {"name": "Can delete group", "content_type": 3, "codename": "delete_group"}}, {"model": "auth.permission", "pk": 10, "fields": {"name": "Can add user", "content_type": 4, "codename": "add_user"}}, {"model": "auth.permission", "pk": 11, "fields": {"name": "Can change user", "content_type": 4, "codename": "change_user"}}, {"model": "auth.permission", "pk": 12, "fields": {"name": "Can delete user", "content_type": 4, "codename": "delete_user"}}, {"model": "auth.permission", "pk": 13, "fields": {"name": "Can add content type", "content_type": 5, "codename": "add_contenttype"}}, {"model": "auth.permission", "pk": 14, "fields": {"name": "Can change content type", "content_type": 5, "codename": "change_contenttype"}}, {"model": "auth.permission", "pk": 15, "fields": {"name": "Can delete content type", "content_type": 5, "codename": "delete_contenttype"}}, {"model": "auth.permission", "pk": 16, "fields": {"name": "Can add session", "content_type": 6, "codename": "add_session"}}, {"model": "auth.permission", "pk": 17, "fields": {"name": "Can change session", "content_type": 6, "codename": "change_session"}}, {"model": "auth.permission", "pk": 18, "fields": {"name": "Can delete session", "content_type": 6, "codename": "delete_session"}}, {"model": "auth.permission", "pk": 19, "fields": {"name": "Can add Course", "content_type": 7, "codename": "add_course"}}, {"model": "auth.permission", "pk": 20, "fields": {"name": "Can change Course", "content_type": 7, "codename": "change_course"}}, {"model": "auth.permission", "pk": 21, "fields": {"name": "Can delete Course", "content_type": 7, "codename": "delete_course"}}, {"model": "auth.permission", "pk": 22, "fields": {"name": "Can add course student", "content_type": 8, "codename": "add_coursestudent"}}, {"model": "auth.permission", "pk": 23, "fields": {"name": "Can change course student", "content_type": 8, "codename": "change_coursestudent"}}, {"model": "auth.permission", "pk": 24, "fields": {"name": "Can delete course student", "content_type": 8, "codename": "delete_coursestudent"}}, {"model": "auth.permission", "pk": 25, "fields": {"name": "Can add time slot", "content_type": 9, "codename": "add_timeslot"}}, {"model": "auth.permission", "pk": 26, "fields": {"name": "Can change time slot", "content_type": 9, "codename": "change_timeslot"}}, {"model": "auth.permission", "pk": 27, "fields": {"name": "Can delete time slot", "content_type": 9, "codename": "delete_timeslot"}}, {"model": "auth.permission", "pk": 28, "fields": {"name": "Can add Site Tree", "content_type": 10, "codename": "add_tree"}}, {"model": "auth.permission", "pk": 29, "fields": {"name": "Can change Site Tree", "content_type": 10, "codename": "change_tree"}}, {"model": "auth.permission", "pk": 30, "fields": {"name": "Can delete Site Tree", "content_type": 10, "codename": "delete_tree"}}, {"model": "auth.permission", "pk": 31, "fields": {"name": "Can add Site Tree Item", "content_type": 11, "codename": "add_treeitem"}}, {"model": "auth.permission", "pk": 32, "fields": {"name": "Can change Site Tree Item", "content_type": 11, "codename": "change_treeitem"}}, {"model": "auth.permission", "pk": 33, "fields": {"name": "Can delete Site Tree Item", "content_type": 11, "codename": "delete_treeitem"}}, {"model": "auth.permission", "pk": 34, "fields": {"name": "Can add captcha store", "content_type": 12, "codename": "add_captchastore"}}, {"model": "auth.permission", "pk": 35, "fields": {"name": "Can change captcha store", "content_type": 12, "codename": "change_captchastore"}}, {"model": "auth.permission", "pk": 36, "fields": {"name": "Can delete captcha store", "content_type": 12, "codename": "delete_captchastore"}}, {"model": "auth.permission", "pk": 37, "fields": {"name": "Can use Structure mode", "content_type": 13, "codename": "use_structure"}}, {"model": "auth.permission", "pk": 38, "fields": {"name": "Can change page", "content_type": 14, "codename": "change_page"}}, {"model": "auth.permission", "pk": 39, "fields": {"name": "Can add site", "content_type": 15, "codename": "add_site"}}, {"model": "auth.permission", "pk": 40, "fields": {"name": "Can change site", "content_type": 15, "codename": "change_site"}}, {"model": "auth.permission", "pk": 41, "fields": {"name": "Can delete site", "content_type": 15, "codename": "delete_site"}}, {"model": "auth.permission", "pk": 42, "fields": {"name": "Can add user setting", "content_type": 16, "codename": "add_usersettings"}}, {"model": "auth.permission", "pk": 43, "fields": {"name": "Can change user setting", "content_type": 16, "codename": "change_usersettings"}}, {"model": "auth.permission", "pk": 44, "fields": {"name": "Can delete user setting", "content_type": 16, "codename": "delete_usersettings"}}, {"model": "auth.permission", "pk": 45, "fields": {"name": "Can add page", "content_type": 14, "codename": "add_page"}}, {"model": "auth.permission", "pk": 46, "fields": {"name": "Can delete page", "content_type": 14, "codename": "delete_page"}}, {"model": "auth.permission", "pk": 47, "fields": {"name": "Can view page", "content_type": 14, "codename": "view_page"}}, {"model": "auth.permission", "pk": 48, "fields": {"name": "Can publish page", "content_type": 14, "codename": "publish_page"}}, {"model": "auth.permission", "pk": 49, "fields": {"name": "Can edit static placeholders", "content_type": 14, "codename": "edit_static_placeholder"}}, {"model": "auth.permission", "pk": 50, "fields": {"name": "Can add Page global permission", "content_type": 18, "codename": "add_globalpagepermission"}}, {"model": "auth.permission", "pk": 51, "fields": {"name": "Can change Page global permission", "content_type": 18, "codename": "change_globalpagepermission"}}, {"model": "auth.permission", "pk": 52, "fields": {"name": "Can delete Page global permission", "content_type": 18, "codename": "delete_globalpagepermission"}}, {"model": "auth.permission", "pk": 53, "fields": {"name": "Can add Page permission", "content_type": 19, "codename": "add_pagepermission"}}, {"model": "auth.permission", "pk": 54, "fields": {"name": "Can change Page permission", "content_type": 19, "codename": "change_pagepermission"}}, {"model": "auth.permission", "pk": 55, "fields": {"name": "Can delete Page permission", "content_type": 19, "codename": "delete_pagepermission"}}, {"model": "auth.permission", "pk": 56, "fields": {"name": "Can add User (page)", "content_type": 20, "codename": "add_pageuser"}}, {"model": "auth.permission", "pk": 57, "fields": {"name": "Can change User (page)", "content_type": 20, "codename": "change_pageuser"}}, {"model": "auth.permission", "pk": 58, "fields": {"name": "Can delete User (page)", "content_type": 20, "codename": "delete_pageuser"}}, {"model": "auth.permission", "pk": 59, "fields": {"name": "Can add User group (page)", "content_type": 21, "codename": "add_pageusergroup"}}, {"model": "auth.permission", "pk": 60, "fields": {"name": "Can change User group (page)", "content_type": 21, "codename": "change_pageusergroup"}}, {"model": "auth.permission", "pk": 61, "fields": {"name": "Can delete User group (page)", "content_type": 21, "codename": "delete_pageusergroup"}}, {"model": "auth.permission", "pk": 62, "fields": {"name": "Can add placeholder", "content_type": 13, "codename": "add_placeholder"}}, {"model": "auth.permission", "pk": 63, "fields": {"name": "Can change placeholder", "content_type": 13, "codename": "change_placeholder"}}, {"model": "auth.permission", "pk": 64, "fields": {"name": "Can delete placeholder", "content_type": 13, "codename": "delete_placeholder"}}, {"model": "auth.permission", "pk": 65, "fields": {"name": "Can add cms plugin", "content_type": 22, "codename": "add_cmsplugin"}}, {"model": "auth.permission", "pk": 66, "fields": {"name": "Can change cms plugin", "content_type": 22, "codename": "change_cmsplugin"}}, {"model": "auth.permission", "pk": 67, "fields": {"name": "Can delete cms plugin", "content_type": 22, "codename": "delete_cmsplugin"}}, {"model": "auth.permission", "pk": 68, "fields": {"name": "Can add title", "content_type": 23, "codename": "add_title"}}, {"model": "auth.permission", "pk": 69, "fields": {"name": "Can change title", "content_type": 23, "codename": "change_title"}}, {"model": "auth.permission", "pk": 70, "fields": {"name": "Can delete title", "content_type": 23, "codename": "delete_title"}}, {"model": "auth.permission", "pk": 71, "fields": {"name": "Can add placeholder reference", "content_type": 24, "codename": "add_placeholderreference"}}, {"model": "auth.permission", "pk": 72, "fields": {"name": "Can change placeholder reference", "content_type": 24, "codename": "change_placeholderreference"}}, {"model": "auth.permission", "pk": 73, "fields": {"name": "Can delete placeholder reference", "content_type": 24, "codename": "delete_placeholderreference"}}, {"model": "auth.permission", "pk": 74, "fields": {"name": "Can add static placeholder", "content_type": 25, "codename": "add_staticplaceholder"}}, {"model": "auth.permission", "pk": 75, "fields": {"name": "Can change static placeholder", "content_type": 25, "codename": "change_staticplaceholder"}}, {"model": "auth.permission", "pk": 76, "fields": {"name": "Can delete static placeholder", "content_type": 25, "codename": "delete_staticplaceholder"}}, {"model": "auth.permission", "pk": 77, "fields": {"name": "Can add alias plugin model", "content_type": 26, "codename": "add_aliaspluginmodel"}}, {"model": "auth.permission", "pk": 78, "fields": {"name": "Can change alias plugin model", "content_type": 26, "codename": "change_aliaspluginmodel"}}, {"model": "auth.permission", "pk": 79, "fields": {"name": "Can delete alias plugin model", "content_type": 26, "codename": "delete_aliaspluginmodel"}}, {"model": "auth.permission", "pk": 80, "fields": {"name": "Can add urlconf revision", "content_type": 27, "codename": "add_urlconfrevision"}}, {"model": "auth.permission", "pk": 81, "fields": {"name": "Can change urlconf revision", "content_type": 27, "codename": "change_urlconfrevision"}}, {"model": "auth.permission", "pk": 82, "fields": {"name": "Can delete urlconf revision", "content_type": 27, "codename": "delete_urlconfrevision"}}, {"model": "auth.permission", "pk": 83, "fields": {"name": "Can add cache key", "content_type": 29, "codename": "add_cachekey"}}, {"model": "auth.permission", "pk": 84, "fields": {"name": "Can change cache key", "content_type": 29, "codename": "change_cachekey"}}, {"model": "auth.permission", "pk": 85, "fields": {"name": "Can delete cache key", "content_type": 29, "codename": "delete_cachekey"}}, {"model": "auth.permission", "pk": 86, "fields": {"name": "Can add Folder", "content_type": 30, "codename": "add_folder"}}, {"model": "auth.permission", "pk": 87, "fields": {"name": "Can change Folder", "content_type": 30, "codename": "change_folder"}}, {"model": "auth.permission", "pk": 88, "fields": {"name": "Can delete Folder", "content_type": 30, "codename": "delete_folder"}}, {"model": "auth.permission", "pk": 89, "fields": {"name": "Can use directory listing", "content_type": 30, "codename": "can_use_directory_listing"}}, {"model": "auth.permission", "pk": 90, "fields": {"name": "Can add folder permission", "content_type": 31, "codename": "add_folderpermission"}}, {"model": "auth.permission", "pk": 91, "fields": {"name": "Can change folder permission", "content_type": 31, "codename": "change_folderpermission"}}, {"model": "auth.permission", "pk": 92, "fields": {"name": "Can delete folder permission", "content_type": 31, "codename": "delete_folderpermission"}}, {"model": "auth.permission", "pk": 93, "fields": {"name": "Can add file", "content_type": 32, "codename": "add_file"}}, {"model": "auth.permission", "pk": 94, "fields": {"name": "Can change file", "content_type": 32, "codename": "change_file"}}, {"model": "auth.permission", "pk": 95, "fields": {"name": "Can delete file", "content_type": 32, "codename": "delete_file"}}, {"model": "auth.permission", "pk": 96, "fields": {"name": "Can add clipboard", "content_type": 33, "codename": "add_clipboard"}}, {"model": "auth.permission", "pk": 97, "fields": {"name": "Can change clipboard", "content_type": 33, "codename": "change_clipboard"}}, {"model": "auth.permission", "pk": 98, "fields": {"name": "Can delete clipboard", "content_type": 33, "codename": "delete_clipboard"}}, {"model": "auth.permission", "pk": 99, "fields": {"name": "Can add clipboard item", "content_type": 34, "codename": "add_clipboarditem"}}, {"model": "auth.permission", "pk": 100, "fields": {"name": "Can change clipboard item", "content_type": 34, "codename": "change_clipboarditem"}}, {"model": "auth.permission", "pk": 101, "fields": {"name": "Can delete clipboard item", "content_type": 34, "codename": "delete_clipboarditem"}}, {"model": "auth.permission", "pk": 102, "fields": {"name": "Can add image", "content_type": 35, "codename": "add_image"}}, {"model": "auth.permission", "pk": 103, "fields": {"name": "Can change image", "content_type": 35, "codename": "change_image"}}, {"model": "auth.permission", "pk": 104, "fields": {"name": "Can delete image", "content_type": 35, "codename": "delete_image"}}, {"model": "auth.permission", "pk": 105, "fields": {"name": "Can add thumbnail option", "content_type": 36, "codename": "add_thumbnailoption"}}, {"model": "auth.permission", "pk": 106, "fields": {"name": "Can change thumbnail option", "content_type": 36, "codename": "change_thumbnailoption"}}, {"model": "auth.permission", "pk": 107, "fields": {"name": "Can delete thumbnail option", "content_type": 36, "codename": "delete_thumbnailoption"}}, {"model": "auth.permission", "pk": 108, "fields": {"name": "Can add source", "content_type": 37, "codename": "add_source"}}, {"model": "auth.permission", "pk": 109, "fields": {"name": "Can change source", "content_type": 37, "codename": "change_source"}}, {"model": "auth.permission", "pk": 110, "fields": {"name": "Can delete source", "content_type": 37, "codename": "delete_source"}}, {"model": "auth.permission", "pk": 111, "fields": {"name": "Can add thumbnail", "content_type": 38, "codename": "add_thumbnail"}}, {"model": "auth.permission", "pk": 112, "fields": {"name": "Can change thumbnail", "content_type": 38, "codename": "change_thumbnail"}}, {"model": "auth.permission", "pk": 113, "fields": {"name": "Can delete thumbnail", "content_type": 38, "codename": "delete_thumbnail"}}, {"model": "auth.permission", "pk": 114, "fields": {"name": "Can add thumbnail dimensions", "content_type": 39, "codename": "add_thumbnaildimensions"}}, {"model": "auth.permission", "pk": 115, "fields": {"name": "Can change thumbnail dimensions", "content_type": 39, "codename": "change_thumbnaildimensions"}}, {"model": "auth.permission", "pk": 116, "fields": {"name": "Can delete thumbnail dimensions", "content_type": 39, "codename": "delete_thumbnaildimensions"}}, {"model": "auth.permission", "pk": 117, "fields": {"name": "Can add text", "content_type": 40, "codename": "add_text"}}, {"model": "auth.permission", "pk": 118, "fields": {"name": "Can change text", "content_type": 40, "codename": "change_text"}}, {"model": "auth.permission", "pk": 119, "fields": {"name": "Can delete text", "content_type": 40, "codename": "delete_text"}}, {"model": "auth.permission", "pk": 120, "fields": {"name": "Can add link", "content_type": 41, "codename": "add_link"}}, {"model": "auth.permission", "pk": 121, "fields": {"name": "Can change link", "content_type": 41, "codename": "change_link"}}, {"model": "auth.permission", "pk": 122, "fields": {"name": "Can delete link", "content_type": 41, "codename": "delete_link"}}, {"model": "auth.permission", "pk": 123, "fields": {"name": "Can add file", "content_type": 42, "codename": "add_file"}}, {"model": "auth.permission", "pk": 124, "fields": {"name": "Can change file", "content_type": 42, "codename": "change_file"}}, {"model": "auth.permission", "pk": 125, "fields": {"name": "Can delete file", "content_type": 42, "codename": "delete_file"}}, {"model": "auth.permission", "pk": 126, "fields": {"name": "Can add folder", "content_type": 43, "codename": "add_folder"}}, {"model": "auth.permission", "pk": 127, "fields": {"name": "Can change folder", "content_type": 43, "codename": "change_folder"}}, {"model": "auth.permission", "pk": 128, "fields": {"name": "Can delete folder", "content_type": 43, "codename": "delete_folder"}}, {"model": "auth.permission", "pk": 129, "fields": {"name": "Can add picture", "content_type": 44, "codename": "add_picture"}}, {"model": "auth.permission", "pk": 130, "fields": {"name": "Can change picture", "content_type": 44, "codename": "change_picture"}}, {"model": "auth.permission", "pk": 131, "fields": {"name": "Can delete picture", "content_type": 44, "codename": "delete_picture"}}, {"model": "auth.permission", "pk": 132, "fields": {"name": "Can add video player", "content_type": 45, "codename": "add_videoplayer"}}, {"model": "auth.permission", "pk": 133, "fields": {"name": "Can change video player", "content_type": 45, "codename": "change_videoplayer"}}, {"model": "auth.permission", "pk": 134, "fields": {"name": "Can delete video player", "content_type": 45, "codename": "delete_videoplayer"}}, {"model": "auth.permission", "pk": 135, "fields": {"name": "Can add video source", "content_type": 46, "codename": "add_videosource"}}, {"model": "auth.permission", "pk": 136, "fields": {"name": "Can change video source", "content_type": 46, "codename": "change_videosource"}}, {"model": "auth.permission", "pk": 137, "fields": {"name": "Can delete video source", "content_type": 46, "codename": "delete_videosource"}}, {"model": "auth.permission", "pk": 138, "fields": {"name": "Can add video track", "content_type": 47, "codename": "add_videotrack"}}, {"model": "auth.permission", "pk": 139, "fields": {"name": "Can change video track", "content_type": 47, "codename": "change_videotrack"}}, {"model": "auth.permission", "pk": 140, "fields": {"name": "Can delete video track", "content_type": 47, "codename": "delete_videotrack"}}, {"model": "auth.permission", "pk": 141, "fields": {"name": "Can add google map", "content_type": 48, "codename": "add_googlemap"}}, {"model": "auth.permission", "pk": 142, "fields": {"name": "Can change google map", "content_type": 48, "codename": "change_googlemap"}}, {"model": "auth.permission", "pk": 143, "fields": {"name": "Can delete google map", "content_type": 48, "codename": "delete_googlemap"}}, {"model": "auth.permission", "pk": 144, "fields": {"name": "Can add google map marker", "content_type": 49, "codename": "add_googlemapmarker"}}, {"model": "auth.permission", "pk": 145, "fields": {"name": "Can change google map marker", "content_type": 49, "codename": "change_googlemapmarker"}}, {"model": "auth.permission", "pk": 146, "fields": {"name": "Can delete google map marker", "content_type": 49, "codename": "delete_googlemapmarker"}}, {"model": "auth.permission", "pk": 147, "fields": {"name": "Can add google map route", "content_type": 50, "codename": "add_googlemaproute"}}, {"model": "auth.permission", "pk": 148, "fields": {"name": "Can change google map route", "content_type": 50, "codename": "change_googlemaproute"}}, {"model": "auth.permission", "pk": 149, "fields": {"name": "Can delete google map route", "content_type": 50, "codename": "delete_googlemaproute"}}, {"model": "auth.permission", "pk": 150, "fields": {"name": "Can add Snippet", "content_type": 51, "codename": "add_snippet"}}, {"model": "auth.permission", "pk": 151, "fields": {"name": "Can change Snippet", "content_type": 51, "codename": "change_snippet"}}, {"model": "auth.permission", "pk": 152, "fields": {"name": "Can delete Snippet", "content_type": 51, "codename": "delete_snippet"}}, {"model": "auth.permission", "pk": 153, "fields": {"name": "Can add Snippet", "content_type": 52, "codename": "add_snippetptr"}}, {"model": "auth.permission", "pk": 154, "fields": {"name": "Can change Snippet", "content_type": 52, "codename": "change_snippetptr"}}, {"model": "auth.permission", "pk": 155, "fields": {"name": "Can delete Snippet", "content_type": 52, "codename": "delete_snippetptr"}}, {"model": "auth.permission", "pk": 156, "fields": {"name": "Can add style", "content_type": 53, "codename": "add_style"}}, {"model": "auth.permission", "pk": 157, "fields": {"name": "Can change style", "content_type": 53, "codename": "change_style"}}, {"model": "auth.permission", "pk": 158, "fields": {"name": "Can delete style", "content_type": 53, "codename": "delete_style"}}, {"model": "auth.permission", "pk": 159, "fields": {"name": "Can add multi columns", "content_type": 54, "codename": "add_multicolumns"}}, {"model": "auth.permission", "pk": 160, "fields": {"name": "Can change multi columns", "content_type": 54, "codename": "change_multicolumns"}}, {"model": "auth.permission", "pk": 161, "fields": {"name": "Can delete multi columns", "content_type": 54, "codename": "delete_multicolumns"}}, {"model": "auth.permission", "pk": 162, "fields": {"name": "Can add column", "content_type": 55, "codename": "add_column"}}, {"model": "auth.permission", "pk": 163, "fields": {"name": "Can change column", "content_type": 55, "codename": "change_column"}}, {"model": "auth.permission", "pk": 164, "fields": {"name": "Can delete column", "content_type": 55, "codename": "delete_column"}}, {"model": "auth.group", "pk": 1, "fields": {"name": "docent", "permissions": []}}, {"model": "auth.group", "pk": 2, "fields": {"name": "student", "permissions": []}}, {"model": "auth.group", "pk": 3, "fields": {"name": "superuser", "permissions": [10, 11, 12]}}, {"model": "auth.group", "pk": 4, "fields": {"name": "cms", "permissions": [77, 78, 79, 65, 66, 67, 50, 51, 52, 45, 38, 46, 49, 48, 47, 53, 54, 55, 56, 57, 58, 59, 60, 61, 62, 63, 64, 37, 71, 72, 73, 74, 75, 76, 68, 69, 70, 80, 81, 82, 42, 43, 44, 13, 14, 15, 162, 163, 164, 159, 160, 161, 123, 124, 125, 126, 127, 128, 141, 142, 143, 144, 145, 146, 147, 148, 149, 120, 121, 122, 129, 130, 131, 150, 151, 152, 153, 154, 155, 156, 157, 158, 117, 118, 119, 132, 133, 134, 135, 136, 137, 138, 139, 140, 108, 109, 110, 111, 112, 113, 114, 115, 116, 96, 97, 98, 99, 100, 101, 93, 94, 95, 86, 89, 87, 88, 90, 91, 92, 102, 103, 104, 105, 106, 107, 83, 84, 85, 16, 17, 18, 39, 40, 41, 29, 32]}}, {"model": "auth.user", "pk": 1, "fields": {"password": "pbkdf2_sha256$24000$oBgXv3EfVloR$3B/QS+QRnWiYy/OCXuNkbw1rT9hQlyWcf6Dy0idbCQI=", "last_login": "2018-03-28T20:44:40.959", "is_superuser": true, "username": "admin", "first_name": "", "last_name": "", "email": "admin@tudelft.nl", "is_staff": true, "is_active": true, "date_joined": "2018-03-01T09:44:50.864", "groups": [], "user_permissions": []}}, {"model": "auth.user", "pk": 2, "fields": {"password": "pbkdf2_sha256$24000$NPIYA25gogmQ$lsq/V15BMXKrk7wr/+aZtCW3OHwdpOc60gbYFdGzjN8=", "last_login": "2018-03-27T11:24:40.298", "is_superuser": false, "username": "docentA", "first_name": "sander", "last_name": "van haas", "email": "", "is_staff": false, "is_active": true, "date_joined": "2018-03-01T09:59:26", "groups": [1], "user_permissions": []}}, {"model": "auth.user", "pk": 3, "fields": {"password": "pbkdf2_sha256$24000$PppjqwKga9zB$vVO+TK4zL0wQOvq1megvyJH/dVD8H892sIMYqDePqLs=", "last_login": "2018-03-27T16:23:01.854", "is_superuser": false, "username": "superuserA", "first_name": "super", "last_name": "user", "email": "r.p.n.vandenberg@tudelft.nl", "is_staff": true, "is_active": true, "date_joined": "2018-03-01T10:00:01", "groups": [3, 4], "user_permissions": []}}, {"model": "auth.user", "pk": 4, "fields": {"password": "pbkdf2_sha256$24000$m6zYsRGZ4Z9R$3ItnmUk+5JZxdlIPrNiDVeqp/xhCX/VdVTbte96t7/s=", "last_login": "2018-04-12T14:33:03.516", "is_superuser": false, "username": "studentA", "first_name": "", "last_name": "", "email": "nvt@tudelft.nl", "is_staff": false, "is_active": true, "date_joined": "2018-03-01T10:01:39.301", "groups": [2], "user_permissions": []}}, {"model": "auth.user", "pk": 5, "fields": {"password": "pbkdf2_sha256$24000$Xg97p9W7QsDs$zB4V975Jn6xcPQGrsntqjgKE2AufjDIix3ausLmB6Po=", "last_login": "2018-03-05T15:53:35.826", "is_superuser": false, "username": "docentB", "first_name": "ines", "last_name": "groot", "email": "", "is_staff": false, "is_active": true, "date_joined": "2018-03-01T10:25:31", "groups": [1], "user_permissions": []}}, {"model": "auth.user", "pk": 6, "fields": {"password": "pbkdf2_sha256$24000$1asdvLS1n8Rd$miSGTHGM9rOja/rrCoVmVLgB2mAmW0NU+bnzYEg3xrs=", "last_login": null, "is_superuser": false, "username": "rvandenberg", "first_name": "", "last_name": "", "email": "rpnberg@hotmail.com", "is_staff": false, "is_active": true, "date_joined": "2018-03-01T10:30:51", "groups": [3], "user_permissions": []}}, {"model": "auth.user", "pk": 7, "fields": {"password": "pbkdf2_sha256$24000$FiRozyqxoIaX$kVytOE53ItwFwvonbT/xpV30ATdU2GKv4XOrOUI9z0Y=", "last_login": null, "is_superuser": false, "username": "studentC", "first_name": "", "last_name": "", "email": "nvt@tudelft.nl", "is_staff": false, "is_active": true, "date_joined": "2018-03-01T12:54:26.213", "groups": [2], "user_permissions": []}}, {"model": "auth.user", "pk": 8, "fields": {"password": "pbkdf2_sha256$24000$n3v8TM7Z128H$YECKykQxTOoZK4W2LDx6zdUMkJpW9ZoPn2JNoNFS+GE=", "last_login": null, "is_superuser": false, "username": "fff", "first_name": "", "last_name": "", "email": "nvt@tudelft.nl", "is_staff": false, "is_active": true, "date_joined": "2018-03-01T17:16:41.505", "groups": [2], "user_permissions": []}}, {"model": "auth.user", "pk": 9, "fields": {"password": "pbkdf2_sha256$24000$f54Xo4L7HXxS$3hY6N9rAsoXyAYBwm61GSUKGrhJikCZ7stl49ikakzc=", "last_login": null, "is_superuser": false, "username": "aaa", "first_name": "", "last_name": "", "email": "nvt@tudelft.nl", "is_staff": false, "is_active": true, "date_joined": "2018-03-01T17:34:32.634", "groups": [2], "user_permissions": []}}, {"model": "auth.user", "pk": 10, "fields": {"password": "pbkdf2_sha256$24000$K2GFDK7N0ZAD$MZrSg1G1nQnTZAZU0U1qBzu9M+UUxUmkaK8NfCQA3oY=", "last_login": null, "is_superuser": false, "username": "bbb", "first_name": "", "last_name": "", "email": "nvt@tudelft.nl", "is_staff": false, "is_active": true, "date_joined": "2018-03-01T17:35:09.059", "groups": [2], "user_permissions": []}}, {"model": "auth.user", "pk": 11, "fields": {"password": "pbkdf2_sha256$24000$KHJ3KerzV6wH$xaCtBGfVzezC/BECA9kaZnlL8fSsuJjVS51w7f3v5UU=", "last_login": "2018-03-13T10:11:22.504", "is_superuser": false, "username": "studentB", "first_name": "", "last_name": "", "email": "nvt@tudelft.nl", "is_staff": false, "is_active": true, "date_joined": "2018-03-01T17:38:02.568", "groups": [2], "user_permissions": []}}, {"model": "auth.user", "pk": 12, "fields": {"password": "pbkdf2_sha256$24000$cwnRONg5HPrO$1cTbzEk2KZHjtIy4bsXRw2YHNSZOjvU168L8SYnYb20=", "last_login": "2018-03-01T17:44:31.992", "is_superuser": false, "username": "aaaa", "first_name": "", "last_name": "", "email": "nvt@tudelft.nl", "is_staff": false, "is_active": true, "date_joined": "2018-03-01T17:44:05.204", "groups": [2], "user_permissions": []}}, {"model": "auth.user", "pk": 13, "fields": {"password": "pbkdf2_sha256$24000$w5OmVXnqB6XX$9XXOLRNKsctsrbXGr0i1xh9rO7dxjh4mD3Soj6f10nY=", "last_login": "2018-03-05T11:45:49.339", "is_superuser": false, "username": "bbbb", "first_name": "", "last_name": "", "email": "nvt@tudelft.nl", "is_staff": false, "is_active": true, "date_joined": "2018-03-01T17:44:19.301", "groups": [2], "user_permissions": []}}, {"model": "auth.user", "pk": 14, "fields": {"password": "pbkdf2_sha256$24000$NdaGlLymkYWg$xB1DuaxGKKBv/1BI1mcxOWRzWHRPLY2vIFAh/V+FQLY=", "last_login": null, "is_superuser": false, "username": "ccc", "first_name": "", "last_name": "", "email": "nvt@tudelft.nl", "is_staff": false, "is_active": true, "date_joined": "2018-03-01T17:46:08.799", "groups": [2], "user_permissions": []}}, {"model": "auth.user", "pk": 15, "fields": {"password": "pbkdf2_sha256$24000$xDb5BLnPfYn4$ijuWtjPST8dq6WXtPuuyEA7ZPuRN5DLDTt0rgRkvT9s=", "last_login": null, "is_superuser": false, "username": "studentBB", "first_name": "", "last_name": "", "email": "nvt@tudelft.nl", "is_staff": false, "is_active": true, "date_joined": "2018-03-05T09:51:24.535", "groups": [2], "user_permissions": []}}, {"model": "auth.user", "pk": 16, "fields": {"password": "pbkdf2_sha256$24000$bz0rbY0rPpJm$8jr00r/2ef2HKPknPXR4FiRmih3PRhM5maFfdpOJQxM=", "last_login": null, "is_superuser": false, "username": "hans", "first_name": "", "last_name": "", "email": "nvt@tudelft.nl", "is_staff": false, "is_active": true, "date_joined": "2018-03-05T15:57:36.329", "groups": [2], "user_permissions": []}}, {"model": "auth.user", "pk": 17, "fields": {"password": "pbkdf2_sha256$24000$LiR72r89hWOr$59/VHIjd3DCx4VqsRTOQ6Oo22dl69qDAaV5oEhVDJSY=", "last_login": null, "is_superuser": false, "username": "tim", "first_name": "", "last_name": "", "email": "nvt@tudelft.nl", "is_staff": false, "is_active": true, "date_joined": "2018-03-05T15:57:36.358", "groups": [2], "user_permissions": []}}, {"model": "auth.user", "pk": 18, "fields": {"password": "pbkdf2_sha256$24000$R6PjbI6HHkB6$+npoFbWR4V2neZ3S4AQC/hooN3lU0jDjuyirr4FKQ3I=", "last_login": null, "is_superuser": false, "username": "klaas", "first_name": "", "last_name": "", "email": "nvt@tudelft.nl", "is_staff": false, "is_active": true, "date_joined": "2018-03-05T15:57:36.383", "groups": [2], "user_permissions": []}}, {"model": "auth.user", "pk": 19, "fields": {"password": "pbkdf2_sha256$24000$p24OiIyDeQzH$dGbtSWFL4i1M5mTFNbTORXYoFyjPIKNgUM9CBf4OAkI=", "last_login": null, "is_superuser": false, "username": "ddd", "first_name": "", "last_name": "", "email": "nvt@tudelft.nl", "is_staff": false, "is_active": true, "date_joined": "2018-03-05T17:00:28.647", "groups": [2], "user_permissions": []}}, {"model": "auth.user", "pk": 20, "fields": {"password": "pbkdf2_sha256$24000$mYhNlX6ztO0r$nE0fPZOJFqttPmM9XY68YnRcEm5SK3qkcbikC/ds2fw=", "last_login": null, "is_superuser": false, "username": "aa", "first_name": "", "last_name": "", "email": "nvt@tudelft.nl", "is_staff": false, "is_active": true, "date_joined": "2018-03-05T17:09:44", "groups": [2], "user_permissions": []}}, {"model": "auth.user", "pk": 21, "fields": {"password": "pbkdf2_sha256$24000$ewrz3mkBpUL5$DU68GEm3yV/9IQ7Bo6xicB5nB5liNZTBiqG7r9NmDdg=", "last_login": null, "is_superuser": false, "username": "gg", "first_name": "", "last_name": "", "email": "nvt@tudelft.nl", "is_staff": false, "is_active": true, "date_joined": "2018-03-05T17:10:18.451", "groups": [2], "user_permissions": []}}, {"model": "auth.user", "pk": 22, "fields": {"password": "pbkdf2_sha256$24000$MuyM44zHTn9O$O/Cma7FaOZpluELZLlB0RiixkdecC88wpMA2PgfTHx8=", "last_login": null, "is_superuser": false, "username": "tt", "first_name": "", "last_name": "", "email": "nvt@tudelft.nl", "is_staff": false, "is_active": true, "date_joined": "2018-03-05T17:10:44.512", "groups": [2], "user_permissions": []}}, {"model": "auth.user", "pk": 23, "fields": {"password": "pbkdf2_sha256$24000$7RfrVRleSJ5F$wADI5ZxLauYUBPRYIH1wLIcnmmTgm8H5FLEaGGJ2UsY=", "last_login": null, "is_superuser": false, "username": "hh", "first_name": "", "last_name": "", "email": "nvt@tudelft.nl", "is_staff": false, "is_active": true, "date_joined": "2018-03-05T17:11:25.577", "groups": [2], "user_permissions": []}}, {"model": "auth.user", "pk": 24, "fields": {"password": "pbkdf2_sha256$24000$AEOz2F39YYJj$c9GAE/cOhicoh/7ZjdBttgxYcMau6ZHYLNDw0jmpclE=", "last_login": null, "is_superuser": false, "username": "qq", "first_name": "", "last_name": "", "email": "nvt@tudelft.nl", "is_staff": false, "is_active": true, "date_joined": "2018-03-06T13:13:38.471", "groups": [2], "user_permissions": []}}, {"model": "auth.user", "pk": 25, "fields": {"password": "pbkdf2_sha256$24000$URww3UCbJ6vy$yLqBchLBWlwHLUWAOJTqH+MY8LWInvGUcf7aGlfh4Uw=", "last_login": null, "is_superuser": false, "username": "jj", "first_name": "", "last_name": "", "email": "nvt@tudelft.nl", "is_staff": false, "is_active": true, "date_joined": "2018-03-06T13:21:48.033", "groups": [2], "user_permissions": []}}, {"model": "auth.user", "pk": 26, "fields": {"password": "pbkdf2_sha256$24000$3VBz3MRHBsdu$HH/8csQVvV06n7vJLUP78crk8qokGMd5z33ruP4EpfE=", "last_login": null, "is_superuser": false, "username": "studentJ", "first_name": "", "last_name": "", "email": "nvt@tudelft.nl", "is_staff": false, "is_active": true, "date_joined": "2018-03-07T15:45:01.248", "groups": [2], "user_permissions": []}}, {"model": "auth.user", "pk": 27, "fields": {"password": "pbkdf2_sha256$24000$KNHaFCaEYwfR$90/LhziOM4XezLkokhqodlqzWuFBup6QvUv2XXYqOJI=", "last_login": null, "is_superuser": false, "username": "studentL1", "first_name": "", "last_name": "", "email": "nvt@tudelft.nl", "is_staff": false, "is_active": true, "date_joined": "2018-03-07T15:45:01.274", "groups": [2], "user_permissions": []}}, {"model": "auth.user", "pk": 28, "fields": {"password": "pbkdf2_sha256$24000$R07TAUpm4B3m$FxksRPDa+xaaKhCr34qqpAkcVBsw6fYA5GTWWGWBFHo=", "last_login": null, "is_superuser": false, "username": "studentY1", "first_name": "", "last_name": "", "email": "nvt@tudelft.nl", "is_staff": false, "is_active": true, "date_joined": "2018-03-07T15:45:01.298", "groups": [2], "user_permissions": []}}, {"model": "auth.user", "pk": 29, "fields": {"password": "pbkdf2_sha256$24000$tIEM8zui67vM$AmydJFLxKlXqHw7MNWUnUCJ4HvfKo36dSmvkF3qoijI=", "last_login": null, "is_superuser": false, "username": "studentH1", "first_name": "", "last_name": "", "email": "nvt@tudelft.nl", "is_staff": false, "is_active": true, "date_joined": "2018-03-07T15:45:01.325", "groups": [2], "user_permissions": []}}, {"model": "auth.user", "pk": 30, "fields": {"password": "pbkdf2_sha256$24000$YQYHFaU7Q50L$yTRpJZcUkWOMfsobEwT65v8wbWNHb8p0Kbd1LkMLqhQ=", "last_login": null, "is_superuser": false, "username": "studentU1", "first_name": "", "last_name": "", "email": "nvt@tudelft.nl", "is_staff": false, "is_active": true, "date_joined": "2018-03-07T15:45:01.349", "groups": [2], "user_permissions": []}}, {"model": "auth.user", "pk": 31, "fields": {"password": "pbkdf2_sha256$24000$unwCpuBGQeL7$QTUs/K500jF0zBnkHfyCaj3hXMrKOh6doK3UXbbgitc=", "last_login": null, "is_superuser": false, "username": "studentN1", "first_name": "", "last_name": "", "email": "nvt@tudelft.nl", "is_staff": false, "is_active": true, "date_joined": "2018-03-07T15:45:01.374", "groups": [2], "user_permissions": []}}, {"model": "auth.user", "pk": 32, "fields": {"password": "pbkdf2_sha256$24000$jbn7E8z8akuT$WR5KGNJvKAPbxKBswVBRYAf7F5CAPwDmv4SJ0XBtI80=", "last_login": null, "is_superuser": false, "username": "studentJ1", "first_name": "", "last_name": "", "email": "nvt@tudelft.nl", "is_staff": false, "is_active": true, "date_joined": "2018-03-07T15:45:01.401", "groups": [2], "user_permissions": []}}, {"model": "auth.user", "pk": 33, "fields": {"password": "pbkdf2_sha256$24000$IDkLO9YwsG9e$Cdmz3jAYTkOOcJFH2ptjKJ6NMa2XVxbCzBBtDUABaew=", "last_login": null, "is_superuser": false, "username": "studentW1", "first_name": "", "last_name": "", "email": "nvt@tudelft.nl", "is_staff": false, "is_active": true, "date_joined": "2018-03-07T15:45:01.426", "groups": [2], "user_permissions": []}}, {"model": "auth.user", "pk": 34, "fields": {"password": "pbkdf2_sha256$24000$etbFIPbZGZ9z$BvJUBgz8LZODBKIhQBKm2LVyFvJ9zyn7IDXQ/5RPXaM=", "last_login": null, "is_superuser": false, "username": "studentU", "first_name": "", "last_name": "", "email": "nvt@tudelft.nl", "is_staff": false, "is_active": true, "date_joined": "2018-03-07T15:45:01.453", "groups": [2], "user_permissions": []}}, {"model": "auth.user", "pk": 35, "fields": {"password": "pbkdf2_sha256$24000$F5RXXfo8yhj8$vFUhq8wsU32EUlrSxcf4+qSs1UcApcA+YPd/xuKWDO8=", "last_login": null, "is_superuser": false, "username": "studentS1", "first_name": "", "last_name": "", "email": "nvt@tudelft.nl", "is_staff": false, "is_active": true, "date_joined": "2018-03-07T15:45:01.477", "groups": [2], "user_permissions": []}}, {"model": "auth.user", "pk": 36, "fields": {"password": "pbkdf2_sha256$24000$gF9mNbP8py6t$kDc+HDJbYtqxO3VQdlLSuzU6aBCdHF8MIEsKfS/duqs=", "last_login": null, "is_superuser": false, "username": "studentD1", "first_name": "", "last_name": "", "email": "nvt@tudelft.nl", "is_staff": false, "is_active": true, "date_joined": "2018-03-07T15:45:01.505", "groups": [2], "user_permissions": []}}, {"model": "auth.user", "pk": 37, "fields": {"password": "pbkdf2_sha256$24000$YuOP4dK2lS94$C8i3JAOaL1ovq/AJVFavmy8N40MnXOTEivr5I8wizLE=", "last_login": null, "is_superuser": false, "username": "studentQ1", "first_name": "", "last_name": "", "email": "nvt@tudelft.nl", "is_staff": false, "is_active": true, "date_joined": "2018-03-07T15:45:01.530", "groups": [2], "user_permissions": []}}, {"model": "auth.user", "pk": 38, "fields": {"password": "pbkdf2_sha256$24000$9a916Mcrq6eA$FdFmtoobUPLzHzPF9Tnowqq81HsVcmeZonh6ZsVaM9M=", "last_login": null, "is_superuser": false, "username": "studentF1", "first_name": "", "last_name": "", "email": "nvt@tudelft.nl", "is_staff": false, "is_active": true, "date_joined": "2018-03-07T15:45:01.554", "groups": [2], "user_permissions": []}}, {"model": "auth.user", "pk": 39, "fields": {"password": "pbkdf2_sha256$24000$G4WMgUqFr0WD$bP4XijCwFB1W57znYbrEaUfim0K458erCM+1mYkgLwc=", "last_login": null, "is_superuser": false, "username": "studentB1", "first_name": "", "last_name": "", "email": "nvt@tudelft.nl", "is_staff": false, "is_active": true, "date_joined": "2018-03-07T15:45:01.577", "groups": [2], "user_permissions": []}}, {"model": "auth.user", "pk": 40, "fields": {"password": "pbkdf2_sha256$24000$oUMwmWfaA8ou$x0LJBEXGALVYp8FgG99dsGz3lbLuU87BGZkuhzMGrwc=", "last_login": null, "is_superuser": false, "username": "studentX1", "first_name": "", "last_name": "", "email": "nvt@tudelft.nl", "is_staff": false, "is_active": true, "date_joined": "2018-03-07T15:45:01.603", "groups": [2], "user_permissions": []}}, {"model": "auth.user", "pk": 41, "fields": {"password": "pbkdf2_sha256$24000$VHH2N0jUjPpp$dDYy7O78iLoTln7cONPakLUB9wzJKk98oRdf2DISGMM=", "last_login": null, "is_superuser": false, "username": "studentM1", "first_name": "", "last_name": "", "email": "nvt@tudelft.nl", "is_staff": false, "is_active": true, "date_joined": "2018-03-07T15:45:01.627", "groups": [2], "user_permissions": []}}, {"model": "auth.user", "pk": 42, "fields": {"password": "pbkdf2_sha256$24000$Szl9bljGuhCR$pehmfJuASjMRQOHrw9Y39puoskQruucJbFOLz9ZNzYo=", "last_login": null, "is_superuser": false, "username": "studentZ1", "first_name": "", "last_name": "", "email": "nvt@tudelft.nl", "is_staff": false, "is_active": true, "date_joined": "2018-03-07T15:45:01.653", "groups": [2], "user_permissions": []}}, {"model": "auth.user", "pk": 43, "fields": {"password": "pbkdf2_sha256$24000$T8wEX4goEZhS$nXMWQ7rjVTHWGpBc0VsZfwHG5klIv3IZMUwI7EJrv24=", "last_login": null, "is_superuser": false, "username": "studentO1", "first_name": "", "last_name": "", "email": "nvt@tudelft.nl", "is_staff": false, "is_active": true, "date_joined": "2018-03-07T15:45:01.677", "groups": [2], "user_permissions": []}}, {"model": "auth.user", "pk": 44, "fields": {"password": "pbkdf2_sha256$24000$uWYYNHq3gr2f$u7QH0iinBG27jRjUvaMGdpLWHeBBe8fIIBEQTpWf230=", "last_login": null, "is_superuser": false, "username": "studentT1", "first_name": "", "last_name": "", "email": "nvt@tudelft.nl", "is_staff": false, "is_active": true, "date_joined": "2018-03-07T15:45:01.700", "groups": [2], "user_permissions": []}}, {"model": "auth.user", "pk": 45, "fields": {"password": "pbkdf2_sha256$24000$Kj6wDL0tf2qp$TVC8lS+KYS6uxMq8KsEwRk38c+iwGQlz13ZZ5/4tczY=", "last_login": null, "is_superuser": false, "username": "studentK1", "first_name": "", "last_name": "", "email": "nvt@tudelft.nl", "is_staff": false, "is_active": true, "date_joined": "2018-03-07T15:45:01.723", "groups": [2], "user_permissions": []}}, {"model": "auth.user", "pk": 46, "fields": {"password": "pbkdf2_sha256$24000$1fphvxkxYpei$6de9war91VHqqYJchTVPyfxlkwFgq1kP6LVTIA/KCgs=", "last_login": null, "is_superuser": false, "username": "studentP1", "first_name": "", "last_name": "", "email": "nvt@tudelft.nl", "is_staff": false, "is_active": true, "date_joined": "2018-03-07T15:45:01.747", "groups": [2], "user_permissions": []}}, {"model": "auth.user", "pk": 47, "fields": {"password": "pbkdf2_sha256$24000$sdJc3oGhCPL2$cb5xSJjiWQe4PV4AM6ZA46VS0WhGQq06yDpPGVT8jxk=", "last_login": null, "is_superuser": false, "username": "studentI1", "first_name": "", "last_name": "", "email": "nvt@tudelft.nl", "is_staff": false, "is_active": true, "date_joined": "2018-03-07T15:45:01.773", "groups": [2], "user_permissions": []}}, {"model": "auth.user", "pk": 48, "fields": {"password": "pbkdf2_sha256$24000$wPPgWxkMwtbH$9vz2j2O/6DPfseYZpuiQQ+ylWCgtqtzn+9oaVimnFSA=", "last_login": null, "is_superuser": false, "username": "studentV1", "first_name": "", "last_name": "", "email": "nvt@tudelft.nl", "is_staff": false, "is_active": true, "date_joined": "2018-03-07T15:45:01.798", "groups": [2], "user_permissions": []}}, {"model": "auth.user", "pk": 49, "fields": {"password": "pbkdf2_sha256$24000$mz153WpEeVks$pdl6HR//8bL3CSGCca3MIclGFe8ick/40EgsbuBsda4=", "last_login": null, "is_superuser": false, "username": "studentE1", "first_name": "", "last_name": "", "email": "nvt@tudelft.nl", "is_staff": false, "is_active": true, "date_joined": "2018-03-07T15:45:01.825", "groups": [2], "user_permissions": []}}, {"model": "auth.user", "pk": 50, "fields": {"password": "pbkdf2_sha256$24000$rACDc2PzZ9qF$+zbbao2yLRdWqyja2+x9cLcVTIRvj33ZKHoysogzkyo=", "last_login": null, "is_superuser": false, "username": "studentR1", "first_name": "", "last_name": "", "email": "nvt@tudelft.nl", "is_staff": false, "is_active": true, "date_joined": "2018-03-07T15:45:01.850", "groups": [2], "user_permissions": []}}, {"model": "auth.user", "pk": 51, "fields": {"password": "pbkdf2_sha256$24000$oqwVEAL3g6MB$vNDisygZXMf6fgKMEpWFl+2hSaNnriBb8Cg5kcxkqQw=", "last_login": null, "is_superuser": false, "username": "studentZ", "first_name": "", "last_name": "", "email": "nvt@tudelft.nl", "is_staff": false, "is_active": true, "date_joined": "2018-03-07T15:45:01.876", "groups": [2], "user_permissions": []}}, {"model": "auth.user", "pk": 52, "fields": {"password": "pbkdf2_sha256$24000$DM8pqUwM6PrT$6QR+gjyVBvBOENHx5s+S2ZIEcfMPhIOxE1SmNdfzi/I=", "last_login": null, "is_superuser": false, "username": "studentY", "first_name": "", "last_name": "", "email": "nvt@tudelft.nl", "is_staff": false, "is_active": true, "date_joined": "2018-03-07T15:45:01.901", "groups": [2], "user_permissions": []}}, {"model": "auth.user", "pk": 53, "fields": {"password": "pbkdf2_sha256$24000$skfahGzorp2v$ZiKldS3dNipFsDDn6WfxNf1KJ9/CdCiT36o1xORF7U0=", "last_login": null, "is_superuser": false, "username": "studentX", "first_name": "", "last_name": "", "email": "nvt@tudelft.nl", "is_staff": false, "is_active": true, "date_joined": "2018-03-07T15:45:01.927", "groups": [2], "user_permissions": []}}, {"model": "auth.user", "pk": 54, "fields": {"password": "pbkdf2_sha256$24000$8SEcjU6nDZZH$IvS5GOiA9mR+2P3De89cZ6eus6eDLPqGZco2k0g6z5k=", "last_login": null, "is_superuser": false, "username": "studentG1", "first_name": "", "last_name": "", "email": "nvt@tudelft.nl", "is_staff": false, "is_active": true, "date_joined": "2018-03-07T15:45:01.952", "groups": [2], "user_permissions": []}}, {"model": "auth.user", "pk": 55, "fields": {"password": "pbkdf2_sha256$24000$O997PxDmgKoA$JVzt8MLQ7Z3S1Ojkhvo1KxT47fYR+riX1rSrL9u5DFI=", "last_login": null, "is_superuser": false, "username": "studentC1", "first_name": "", "last_name": "", "email": "nvt@tudelft.nl", "is_staff": false, "is_active": true, "date_joined": "2018-03-07T15:45:01.978", "groups": [2], "user_permissions": []}}, {"model": "auth.user", "pk": 56, "fields": {"password": "pbkdf2_sha256$24000$6V5x5s5KQiJf$JTOnWrMpESiZqM64jAqPwTHExpmRh/kR2robL9XsKkQ=", "last_login": null, "is_superuser": false, "username": "studentR", "first_name": "", "last_name": "", "email": "nvt@tudelft.nl", "is_staff": false, "is_active": true, "date_joined": "2018-03-07T15:45:02.004", "groups": [2], "user_permissions": []}}, {"model": "auth.user", "pk": 57, "fields": {"password": "pbkdf2_sha256$24000$Q6jeYCxclKCf$s7k+3hI2376qv6YIppnuX1btxdm4fG7bDX1Dfpi/gsY=", "last_login": null, "is_superuser": false, "username": "studentQ", "first_name": "", "last_name": "", "email": "nvt@tudelft.nl", "is_staff": false, "is_active": true, "date_joined": "2018-03-07T15:45:02.028", "groups": [2], "user_permissions": []}}, {"model": "auth.user", "pk": 58, "fields": {"password": "pbkdf2_sha256$24000$zYxldip1KTC9$xFK3XFcDipfnGymp09zhuVfu2muYWoX32mPE9VHvY7s=", "last_login": null, "is_superuser": false, "username": "studentP", "first_name": "", "last_name": "", "email": "nvt@tudelft.nl", "is_staff": false, "is_active": true, "date_joined": "2018-03-07T15:45:02.054", "groups": [2], "user_permissions": []}}, {"model": "auth.user", "pk": 59, "fields": {"password": "pbkdf2_sha256$24000$zPbKEVx2W4YH$GoybT6cV8GS+QfwoAmT+jiWmMAryAX8tP53PzXn6K+E=", "last_login": null, "is_superuser": false, "username": "studentW", "first_name": "", "last_name": "", "email": "nvt@tudelft.nl", "is_staff": false, "is_active": true, "date_joined": "2018-03-07T15:45:02.079", "groups": [2], "user_permissions": []}}, {"model": "auth.user", "pk": 60, "fields": {"password": "pbkdf2_sha256$24000$BUdESUSEpkGa$hNqjhyxEz8tFzN0wHQbwOAhhQ7V2Qhye1YpvmJSByG8=", "last_login": null, "is_superuser": false, "username": "studentV", "first_name": "", "last_name": "", "email": "nvt@tudelft.nl", "is_staff": false, "is_active": true, "date_joined": "2018-03-07T15:45:02.103", "groups": [2], "user_permissions": []}}, {"model": "auth.user", "pk": 61, "fields": {"password": "pbkdf2_sha256$24000$f9UokSEi1mh4$+dYWng0qXm5oeUqvpUDdYBn4Ht4F64rmk3QBOeDp4yU=", "last_login": null, "is_superuser": false, "username": "studentA1", "first_name": "", "last_name": "", "email": "nvt@tudelft.nl", "is_staff": false, "is_active": true, "date_joined": "2018-03-07T15:45:02.126", "groups": [2], "user_permissions": []}}, {"model": "auth.user", "pk": 62, "fields": {"password": "pbkdf2_sha256$24000$jYIzXVZr7O0F$Hv1eJkwuirfXvpbau7Ih+74EuExPY2IW9flrSFxXSlg=", "last_login": null, "is_superuser": false, "username": "studentT", "first_name": "", "last_name": "", "email": "nvt@tudelft.nl", "is_staff": false, "is_active": true, "date_joined": "2018-03-07T15:45:02.148", "groups": [2], "user_permissions": []}}, {"model": "auth.user", "pk": 63, "fields": {"password": "pbkdf2_sha256$24000$ppR6O7V6qvc4$35zrUYn444E2GekewZAV/JiMfyZmgaepXSRCK881tDE=", "last_login": null, "is_superuser": false, "username": "studentK", "first_name": "", "last_name": "", "email": "nvt@tudelft.nl", "is_staff": false, "is_active": true, "date_joined": "2018-03-07T15:45:02.171", "groups": [2], "user_permissions": []}}, {"model": "auth.user", "pk": 64, "fields": {"password": "pbkdf2_sha256$24000$IMop0c6aErbK$Yj05MBi9QWkoDwcVLuxR/DBSoVZgRpH0IMQCZjAinOg=", "last_login": null, "is_superuser": false, "username": "studentS", "first_name": "", "last_name": "", "email": "nvt@tudelft.nl", "is_staff": false, "is_active": true, "date_joined": "2018-03-07T15:45:02.194", "groups": [2], "user_permissions": []}}, {"model": "auth.user", "pk": 65, "fields": {"password": "pbkdf2_sha256$24000$ZjnlTV8ryIAw$6DxUmUulWw62WpvwJEU/g+2uPpT5WYU4OuGzF6yXKKU=", "last_login": null, "is_superuser": false, "username": "studentI", "first_name": "", "last_name": "", "email": "nvt@tudelft.nl", "is_staff": false, "is_active": true, "date_joined": "2018-03-07T15:45:02.218", "groups": [2], "user_permissions": []}}, {"model": "auth.user", "pk": 66, "fields": {"password": "pbkdf2_sha256$24000$1UUHU0BETYIR$xccybqIxsfzBTaGYXH/6lSS3v31OdOkQs8A2QplqneY=", "last_login": null, "is_superuser": false, "username": "studentH", "first_name": "", "last_name": "", "email": "nvt@tudelft.nl", "is_staff": false, "is_active": true, "date_joined": "2018-03-07T15:45:02.241", "groups": [2], "user_permissions": []}}, {"model": "auth.user", "pk": 67, "fields": {"password": "pbkdf2_sha256$24000$hKfkYwv45Wdx$jVtcblJvqn+QmgayMHuif4sZ4kHmhdSzHrdQIHRB8hg=", "last_login": null, "is_superuser": false, "username": "studentO", "first_name": "", "last_name": "", "email": "nvt@tudelft.nl", "is_staff": false, "is_active": true, "date_joined": "2018-03-07T15:45:02.264", "groups": [2], "user_permissions": []}}, {"model": "auth.user", "pk": 68, "fields": {"password": "pbkdf2_sha256$24000$JGrLADfSMQn2$nrgAAey8STtpSSbIJgBytifKw6Kvf7RDZ+TYQhCckdc=", "last_login": null, "is_superuser": false, "username": "studentN", "first_name": "", "last_name": "", "email": "nvt@tudelft.nl", "is_staff": false, "is_active": true, "date_joined": "2018-03-07T15:45:02.287", "groups": [2], "user_permissions": []}}, {"model": "auth.user", "pk": 69, "fields": {"password": "pbkdf2_sha256$24000$rrHgJT39ZhoD$RaD5KBEpXasiD5XgKGBnEYqklmoXgqP3cIF6Zg/QT/M=", "last_login": null, "is_superuser": false, "username": "studentM", "first_name": "", "last_name": "", "email": "nvt@tudelft.nl", "is_staff": false, "is_active": true, "date_joined": "2018-03-07T15:45:02.310", "groups": [2], "user_permissions": []}}, {"model": "auth.user", "pk": 70, "fields": {"password": "pbkdf2_sha256$24000$FHGOGQrOg52C$7PdLB6zt+1XrkGbTPB2Yb19/1IfkEGdlQC3XGiIiyC4=", "last_login": null, "is_superuser": false, "username": "studentL", "first_name": "", "last_name": "", "email": "nvt@tudelft.nl", "is_staff": false, "is_active": true, "date_joined": "2018-03-07T15:45:02.333", "groups": [2], "user_permissions": []}}, {"model": "auth.user", "pk": 71, "fields": {"password": "pbkdf2_sha256$24000$SCo4VNnCE7P1$VzaBP0GBTbjJAs0m4fpaDQo0nLXpEiW8H6fVLEshN24=", "last_login": null, "is_superuser": false, "username": "studentG", "first_name": "", "last_name": "", "email": "nvt@tudelft.nl", "is_staff": false, "is_active": true, "date_joined": "2018-03-07T15:45:02.359", "groups": [2], "user_permissions": []}}, {"model": "auth.user", "pk": 72, "fields": {"password": "pbkdf2_sha256$24000$gto77ZPpEryE$zB6/Zl/GfdPHIyhGkuDRycNK4d9/2SZAbN8WTfREkWU=", "last_login": null, "is_superuser": false, "username": "studentF", "first_name": "", "last_name": "", "email": "nvt@tudelft.nl", "is_staff": false, "is_active": true, "date_joined": "2018-03-07T15:45:02.382", "groups": [2], "user_permissions": []}}, {"model": "auth.user", "pk": 73, "fields": {"password": "pbkdf2_sha256$24000$nQ6Vs1MY2xJA$oCXUoaZxbZYi2bKuxYOMcyWHf9NtsMxyP7PPl6P+HOo=", "last_login": null, "is_superuser": false, "username": "studentE", "first_name": "", "last_name": "", "email": "nvt@tudelft.nl", "is_staff": false, "is_active": true, "date_joined": "2018-03-07T15:45:02.405", "groups": [2], "user_permissions": []}}, {"model": "auth.user", "pk": 74, "fields": {"password": "pbkdf2_sha256$24000$a67iKilY04PL$VU7Ip16WPPa8vyBxZVAIZyxajr/wxLbk8WS6D312lww=", "last_login": null, "is_superuser": false, "username": "studentD", "first_name": "", "last_name": "", "email": "nvt@tudelft.nl", "is_staff": false, "is_active": true, "date_joined": "2018-03-07T15:45:02.430", "groups": [2], "user_permissions": []}}, {"model": "auth.user", "pk": 75, "fields": {"password": "pbkdf2_sha256$24000$xEBrPKnwow6f$6NsA2/SaL5gyWSq7/cGktKMdXMTLPH1JmRFDE2fX+Bk=", "last_login": "2018-04-12T14:44:52.486", "is_superuser": false, "username": "cms_editor", "first_name": "", "last_name": "", "email": "", "is_staff": true, "is_active": true, "date_joined": "2018-03-27T16:10:55", "groups": [4], "user_permissions": []}}, {"model": "doptrack_app.course", "pk": 13, "fields": {"name": "aaa", "start": "2018-03-05", "end": "2018-03-10", "timeslotDuration": "04:30:00", "docent": 3}}, {"model": "doptrack_app.course", "pk": 14, "fields": {"name": "ccc", "start": "2018-03-19", "end": "2018-03-24", "timeslotDuration": "00:30:00", "docent": 3}}, {"model": "doptrack_app.course", "pk": 15, "fields": {"name": "ddd", "start": "2018-03-26", "end": "2018-03-31", "timeslotDuration": "00:30:00", "docent": 3}}, {"model": "doptrack_app.course", "pk": 16, "fields": {"name": "bbb", "start": "2018-03-11", "end": "2018-03-12", "timeslotDuration": "00:30:00", "docent": 3}}, {"model": "doptrack_app.course", "pk": 18, "fields": {"name": "Track that satellite", "start": "2018-03-13", "end": "2018-03-18", "timeslotDuration": "00:30:00", "docent": 3}}, {"model": "doptrack_app.course", "pk": 19, "fields": {"name": "courseA", "start": "2018-02-01", "end": "2018-03-04", "timeslotDuration": "00:30:00", "docent": 2}}, {"model": "doptrack_app.coursestudent", "pk": 19, "fields": {"course": 13, "user": 20}}, {"model": "doptrack_app.coursestudent", "pk": 20, "fields": {"course": 14, "user": 21}}, {"model": "doptrack_app.coursestudent", "pk": 21, "fields": {"course": 15, "user": 22}}, {"model": "doptrack_app.coursestudent", "pk": 22, "fields": {"course": 16, "user": 23}}, {"model": "doptrack_app.coursestudent", "pk": 26, "fields": {"course": 13, "user": 4}}, {"model": "doptrack_app.coursestudent", "pk": 27, "fields": {"course": 13, "user": 11}}, {"model": "doptrack_app.coursestudent", "pk": 28, "fields": {"course": 19, "user": 4}}, {"model": "doptrack_app.coursestudent", "pk": 29, "fields": {"course": 18, "user": 26}}, {"model": "doptrack_app.coursestudent", "pk": 30, "fields": {"course": 18, "user": 27}}, {"model": "doptrack_app.coursestudent", "pk": 31, "fields": {"course": 18, "user": 28}}, {"model": "doptrack_app.coursestudent", "pk": 32, "fields": {"course": 18, "user": 29}}, {"model": "doptrack_app.coursestudent", "pk": 33, "fields": {"course": 18, "user": 30}}, {"model": "doptrack_app.coursestudent", "pk": 34, "fields": {"course": 18, "user": 31}}, {"model": "doptrack_app.coursestudent", "pk": 35, "fields": {"course": 18, "user": 32}}, {"model": "doptrack_app.coursestudent", "pk": 36, "fields": {"course": 18, "user": 33}}, {"model": "doptrack_app.coursestudent", "pk": 37, "fields": {"course": 18, "user": 34}}, {"model": "doptrack_app.coursestudent", "pk": 38, "fields": {"course": 18, "user": 35}}, {"model": "doptrack_app.coursestudent", "pk": 39, "fields": {"course": 18, "user": 36}}, {"model": "doptrack_app.coursestudent", "pk": 40, "fields": {"course": 18, "user": 37}}, {"model": "doptrack_app.coursestudent", "pk": 41, "fields": {"course": 18, "user": 38}}, {"model": "doptrack_app.coursestudent", "pk": 42, "fields": {"course": 18, "user": 39}}, {"model": "doptrack_app.coursestudent", "pk": 43, "fields": {"course": 18, "user": 40}}, {"model": "doptrack_app.coursestudent", "pk": 44, "fields": {"course": 18, "user": 41}}, {"model": "doptrack_app.coursestudent", "pk": 45, "fields": {"course": 18, "user": 42}}, {"model": "doptrack_app.coursestudent", "pk": 46, "fields": {"course": 18, "user": 43}}, {"model": "doptrack_app.coursestudent", "pk": 47, "fields": {"course": 18, "user": 44}}, {"model": "doptrack_app.coursestudent", "pk": 48, "fields": {"course": 18, "user": 45}}, {"model": "doptrack_app.coursestudent", "pk": 49, "fields": {"course": 18, "user": 46}}, {"model": "doptrack_app.coursestudent", "pk": 50, "fields": {"course": 18, "user": 47}}, {"model": "doptrack_app.coursestudent", "pk": 51, "fields": {"course": 18, "user": 48}}, {"model": "doptrack_app.coursestudent", "pk": 52, "fields": {"course": 18, "user": 49}}, {"model": "doptrack_app.coursestudent", "pk": 53, "fields": {"course": 18, "user": 50}}, {"model": "doptrack_app.coursestudent", "pk": 54, "fields": {"course": 18, "user": 51}}, {"model": "doptrack_app.coursestudent", "pk": 55, "fields": {"course": 18, "user": 52}}, {"model": "doptrack_app.coursestudent", "pk": 56, "fields": {"course": 18, "user": 53}}, {"model": "doptrack_app.coursestudent", "pk": 57, "fields": {"course": 18, "user": 54}}, {"model": "doptrack_app.coursestudent", "pk": 58, "fields": {"course": 18, "user": 55}}, {"model": "doptrack_app.coursestudent", "pk": 59, "fields": {"course": 18, "user": 56}}, {"model": "doptrack_app.coursestudent", "pk": 60, "fields": {"course": 18, "user": 57}}, {"model": "doptrack_app.coursestudent", "pk": 61, "fields": {"course": 18, "user": 58}}, {"model": "doptrack_app.coursestudent", "pk": 62, "fields": {"course": 18, "user": 59}}, {"model": "doptrack_app.coursestudent", "pk": 63, "fields": {"course": 18, "user": 60}}, {"model": "doptrack_app.coursestudent", "pk": 64, "fields": {"course": 18, "user": 61}}, {"model": "doptrack_app.coursestudent", "pk": 65, "fields": {"course": 18, "user": 62}}, {"model": "doptrack_app.coursestudent", "pk": 66, "fields": {"course": 18, "user": 63}}, {"model": "doptrack_app.coursestudent", "pk": 67, "fields": {"course": 18, "user": 64}}, {"model": "doptrack_app.coursestudent", "pk": 68, "fields": {"course": 18, "user": 65}}, {"model": "doptrack_app.coursestudent", "pk": 69, "fields": {"course": 18, "user": 66}}, {"model": "doptrack_app.coursestudent", "pk": 70, "fields": {"course": 18, "user": 67}}, {"model": "doptrack_app.coursestudent", "pk": 71, "fields": {"course": 18, "user": 68}}, {"model": "doptrack_app.coursestudent", "pk": 72, "fields": {"course": 18, "user": 69}}, {"model": "doptrack_app.coursestudent", "pk": 73, "fields": {"course": 18, "user": 70}}, {"model": "doptrack_app.coursestudent", "pk": 74, "fields": {"course": 18, "user": 7}}, {"model": "doptrack_app.coursestudent", "pk": 75, "fields": {"course": 18, "user": 11}}, {"model": "doptrack_app.coursestudent", "pk": 76, "fields": {"course": 18, "user": 4}}, {"model": "doptrack_app.coursestudent", "pk": 77, "fields": {"course": 18, "user": 71}}, {"model": "doptrack_app.coursestudent", "pk": 78, "fields": {"course": 18, "user": 72}}, {"model": "doptrack_app.coursestudent", "pk": 79, "fields": {"course": 18, "user": 73}}, {"model": "doptrack_app.coursestudent", "pk": 80, "fields": {"course": 18, "user": 74}}, {"model": "sitetree.treeitem", "pk": 1, "fields": {"title": "Login", "hint": "", "url": "login", "urlaspattern": true, "tree": 1, "hidden": true, "alias": null, "description": "", "inmenu": true, "inbreadcrumbs": false, "insitetree": false, "access_loggedin": false, "access_guest": true, "access_restricted": false, "access_perm_type": 1, "parent": null, "sort_order": 2, "access_permissions": []}}, {"model": "sitetree.treeitem", "pk": 2, "fields": {"title": "List of courses", "hint": "", "url": "course-list", "urlaspattern": true, "tree": 1, "hidden": false, "alias": "root", "description": "", "inmenu": true, "inbreadcrumbs": false, "insitetree": false, "access_loggedin": false, "access_guest": false, "access_restricted": false, "access_perm_type": 1, "parent": null, "sort_order": 13, "access_permissions": []}}, {"model": "sitetree.treeitem", "pk": 13, "fields": {"title": "Logout", "hint": "", "url": "logout", "urlaspattern": true, "tree": 1, "hidden": false, "alias": null, "description": "", "inmenu": true, "inbreadcrumbs": false, "insitetree": false, "access_loggedin": true, "access_guest": false, "access_restricted": false, "access_perm_type": 1, "parent": null, "sort_order": 5, "access_permissions": []}}, {"model": "sitetree.treeitem", "pk": 14, "fields": {"title": "Edit {{course.name}}", "hint": "", "url": "course-edit course.pk", "urlaspattern": true, "tree": 1, "hidden": true, "alias": null, "description": "", "inmenu": true, "inbreadcrumbs": true, "insitetree": false, "access_loggedin": false, "access_guest": false, "access_restricted": false, "access_perm_type": 1, "parent": 2, "sort_order": 14, "access_permissions": []}}, {"model": "sitetree.treeitem", "pk": 15, "fields": {"title": "Create course", "hint": "", "url": "course-new", "urlaspattern": true, "tree": 1, "hidden": true, "alias": null, "description": "", "inmenu": true, "inbreadcrumbs": true, "insitetree": false, "access_loggedin": false, "access_guest": false, "access_restricted": false, "access_perm_type": 1, "parent": null, "sort_order": 47, "access_permissions": []}}, {"model": "sitetree.treeitem", "pk": 17, "fields": {"title": "Edit time slots", "hint": "", "url": "managetimeslots course.pk", "urlaspattern": true, "tree": 1, "hidden": true, "alias": null, "description": "", "inmenu": true, "inbreadcrumbs": true, "insitetree": false, "access_loggedin": false, "access_guest": false, "access_restricted": false, "access_perm_type": 1, "parent": 2, "sort_order": 17, "access_permissions": []}}, {"model": "sitetree.treeitem", "pk": 18, "fields": {"title": "Logout", "hint": "", "url": "logout", "urlaspattern": true, "tree": 3, "hidden": false, "alias": null, "description": "", "inmenu": true, "inbreadcrumbs": false, "insitetree": false, "access_loggedin": true, "access_guest": false, "access_restricted": false, "access_perm_type": 1, "parent": null, "sort_order": 20, "access_permissions": []}}, {"model": "sitetree.treeitem", "pk": 19, "fields": {"title": "List of courses", "hint": "", "url": "course-list", "urlaspattern": true, "tree": 3, "hidden": false, "alias": null, "description": "", "inmenu": true, "inbreadcrumbs": false, "insitetree": false, "access_loggedin": false, "access_guest": false, "access_restricted": false, "access_perm_type": 1, "parent": null, "sort_order": 50, "access_permissions": []}}, {"model": "sitetree.treeitem", "pk": 20, "fields": {"title": "Time slot", "hint": "", "url": "requesttimeslot course.pk", "urlaspattern": true, "tree": 3, "hidden": true, "alias": null, "description": "", "inmenu": true, "inbreadcrumbs": true, "insitetree": false, "access_loggedin": false, "access_guest": false, "access_restricted": false, "access_perm_type": 1, "parent": null, "sort_order": 51, "access_permissions": []}}, {"model": "sitetree.treeitem", "pk": 21, "fields": {"title": "Login", "hint": "", "url": "login", "urlaspattern": true, "tree": 5, "hidden": false, "alias": null, "description": "<h2>TODO</h2> admin user can configure this at http://127.0.0.1:8000/admin/sitetree/tree/5/change/item_21/\r\n<br>\r\n<br>", "inmenu": true, "inbreadcrumbs": true, "insitetree": false, "access_loggedin": false, "access_guest": true, "access_restricted": false, "access_perm_type": 1, "parent": null, "sort_order": 21, "access_permissions": []}}, {"model": "sitetree.treeitem", "pk": 47, "fields": {"title": "Doptrack", "hint": "", "url": "main", "urlaspattern": true, "tree": 1, "hidden": false, "alias": null, "description": "", "inmenu": false, "inbreadcrumbs": false, "insitetree": false, "access_loggedin": false, "access_guest": false, "access_restricted": false, "access_perm_type": 1, "parent": null, "sort_order": 1, "access_permissions": []}}, {"model": "sitetree.treeitem", "pk": 49, "fields": {"title": "Doptrack", "hint": "", "url": "main", "urlaspattern": true, "tree": 5, "hidden": true, "alias": null, "description": "<h2>guest startpage</h1>\r\nDeze tekst kan worden ingesteld door admin op http://127.0.0.1:8000/admin/sitetree/tree/5/change/item_49/\r\n<br>\r\n<br>", "inmenu": false, "inbreadcrumbs": false, "insitetree": false, "access_loggedin": false, "access_guest": false, "access_restricted": false, "access_perm_type": 1, "parent": null, "sort_order": 49, "access_permissions": []}}, {"model": "sitetree.treeitem", "pk": 50, "fields": {"title": "Doptrack", "hint": "", "url": "main", "urlaspattern": true, "tree": 3, "hidden": false, "alias": null, "description": "<h3>student startpage</h3>\r\nElke pagina kan voorzien worden van informatie. Dit kan gedaan worden als admin op http://127.0.0.1:8000/admin/sitetree/tree/3/change/\r\n<br>\r\nHier informatie hoe deze pagina te gebruiken.\r\n<br>\r\n<br>", "inmenu": false, "inbreadcrumbs": true, "insitetree": false, "access_loggedin": false, "access_guest": false, "access_restricted": false, "access_perm_type": 1, "parent": null, "sort_order": 18, "access_permissions": []}}, {"model": "sitetree.treeitem", "pk": 51, "fields": {"title": "login", "hint": "cmsmain", "url": "login", "urlaspattern": true, "tree": 3, "hidden": true, "alias": null, "description": "cmsmain", "inmenu": true, "inbreadcrumbs": false, "insitetree": false, "access_loggedin": false, "access_guest": true, "access_restricted": false, "access_perm_type": 1, "parent": null, "sort_order": 19, "access_permissions": []}}, {"model": "sitetree.treeitem", "pk": 52, "fields": {"title": "Schedule recording", "hint": "", "url": "servercontrol", "urlaspattern": true, "tree": 3, "hidden": false, "alias": null, "description": "", "inmenu": true, "inbreadcrumbs": true, "insitetree": false, "access_loggedin": false, "access_guest": false, "access_restricted": false, "access_perm_type": 1, "parent": null, "sort_order": 52, "access_permissions": []}}, {"model": "sitetree.treeitem", "pk": 53, "fields": {"title": "Download recording", "hint": "", "url": "downloadFiles", "urlaspattern": true, "tree": 3, "hidden": false, "alias": null, "description": "", "inmenu": true, "inbreadcrumbs": true, "insitetree": false, "access_loggedin": false, "access_guest": false, "access_restricted": false, "access_perm_type": 1, "parent": null, "sort_order": 53, "access_permissions": []}}, {"model": "sitetree.treeitem", "pk": 54, "fields": {"title": "Downloads", "hint": "", "url": "downloadFiles", "urlaspattern": true, "tree": 1, "hidden": false, "alias": null, "description": "", "inmenu": true, "inbreadcrumbs": true, "insitetree": false, "access_loggedin": false, "access_guest": false, "access_restricted": false, "access_perm_type": 1, "parent": null, "sort_order": 55, "access_permissions": []}}, {"model": "sitetree.treeitem", "pk": 55, "fields": {"title": "Manage recordings", "hint": "", "url": "servercontrol", "urlaspattern": true, "tree": 1, "hidden": false, "alias": null, "description": "", "inmenu": true, "inbreadcrumbs": true, "insitetree": false, "access_loggedin": false, "access_guest": false, "access_restricted": false, "access_perm_type": 1, "parent": null, "sort_order": 54, "access_permissions": []}}, {"model": "sitetree.treeitem", "pk": 56, "fields": {"title": "Logout", "hint": "", "url": "logout", "urlaspattern": true, "tree": 5, "hidden": false, "alias": null, "description": "", "inmenu": true, "inbreadcrumbs": true, "insitetree": false, "access_loggedin": true, "access_guest": false, "access_restricted": false, "access_perm_type": 1, "parent": null, "sort_order": 56, "access_permissions": []}}, {"model": "sitetree.treeitem", "pk": 63, "fields": {"title": "Requests", "hint": "", "url": "request", "urlaspattern": true, "tree": 5, "hidden": false, "alias": null, "description": "", "inmenu": true, "inbreadcrumbs": false, "insitetree": false, "access_loggedin": false, "access_guest": false, "access_restricted": false, "access_perm_type": 1, "parent": null, "sort_order": 63, "access_permissions": []}}, {"model": "sitetree.treeitem", "pk": 64, "fields": {"title": "main", "hint": "", "url": "main", "urlaspattern": true, "tree": 8, "hidden": true, "alias": null, "description": "", "inmenu": false, "inbreadcrumbs": false, "insitetree": false, "access_loggedin": false, "access_guest": false, "access_restricted": false, "access_perm_type": 1, "parent": null, "sort_order": 64, "access_permissions": []}}, {"model": "sitetree.treeitem", "pk": 65, "fields": {"title": "Logout", "hint": "", "url": "logout", "urlaspattern": true, "tree": 8, "hidden": false, "alias": null, "description": "", "inmenu": true, "inbreadcrumbs": false, "insitetree": false, "access_loggedin": true, "access_guest": false, "access_restricted": false, "access_perm_type": 1, "parent": null, "sort_order": 65, "access_permissions": []}}, {"model": "sitetree.treeitem", "pk": 66, "fields": {"title": "List of images", "hint": "", "url": "image_gallery", "urlaspattern": true, "tree": 3, "hidden": false, "alias": null, "description": "", "inmenu": true, "inbreadcrumbs": false, "insitetree": false, "access_loggedin": false, "access_guest": false, "access_restricted": false, "access_perm_type": 1, "parent": null, "sort_order": 66, "access_permissions": []}}, {"model": "sitetree.treeitem", "pk": 67, "fields": {"title": "List of images", "hint": "", "url": "image_gallery pid", "urlaspattern": true, "tree": 3, "hidden": true, "alias": null, "description": "Deze node is toegevoegd omdat de treesite word gebruikt om de page Title te laten zien.", "inmenu": false, "inbreadcrumbs": false, "insitetree": false, "access_loggedin": false, "access_guest": false, "access_restricted": false, "access_perm_type": 1, "parent": null, "sort_order": 67, "access_permissions": []}}, {"model": "sitetree.treeitem", "pk": 68, "fields": {"title": "List of images", "hint": "", "url": "image_gallery", "urlaspattern": true, "tree": 5, "hidden": false, "alias": null, "description": "", "inmenu": true, "inbreadcrumbs": false, "insitetree": false, "access_loggedin": false, "access_guest": false, "access_restricted": false, "access_perm_type": 1, "parent": null, "sort_order": 68, "access_permissions": []}}, {"model": "sitetree.treeitem", "pk": 69, "fields": {"title": "List of images", "hint": "", "url": "image_gallery pid", "urlaspattern": true, "tree": 5, "hidden": true, "alias": null, "description": "Alleen toegevoegd om page title te laten zien.", "inmenu": false, "inbreadcrumbs": false, "insitetree": false, "access_loggedin": false, "access_guest": false, "access_restricted": false, "access_perm_type": 1, "parent": null, "sort_order": 69, "access_permissions": []}}, {"model": "sitetree.treeitem", "pk": 70, "fields": {"title": "List of images", "hint": "", "url": "image_gallery", "urlaspattern": true, "tree": 1, "hidden": false, "alias": null, "description": "", "inmenu": true, "inbreadcrumbs": false, "insitetree": false, "access_loggedin": false, "access_guest": false, "access_restricted": false, "access_perm_type": 1, "parent": null, "sort_order": 70, "access_permissions": []}}, {"model": "sitetree.treeitem", "pk": 71, "fields": {"title": "List of images", "hint": "", "url": "image_gallery pid", "urlaspattern": true, "tree": 1, "hidden": true, "alias": null, "description": "Alleen toegevoegd omdat deze treesite anders de url niet kan herleiden tot een Page Title", "inmenu": false, "inbreadcrumbs": false, "insitetree": false, "access_loggedin": false, "access_guest": false, "access_restricted": false, "access_perm_type": 1, "parent": null, "sort_order": 71, "access_permissions": []}}, {"model": "sitetree.treeitem", "pk": 72, "fields": {"title": "List of Files", "hint": "", "url": "downloadFiles", "urlaspattern": true, "tree": 5, "hidden": true, "alias": null, "description": "", "inmenu": false, "inbreadcrumbs": false, "insitetree": false, "access_loggedin": false, "access_guest": false, "access_restricted": false, "access_perm_type": 1, "parent": null, "sort_order": 72, "access_permissions": []}}, {"model": "cms.usersettings", "pk": 1, "fields": {"user": 1, "language": "en", "clipboard": 1}}, {"model": "cms.usersettings", "pk": 2, "fields": {"user": 75, "language": "en", "clipboard": 21}}, {"model": "cms.usersettings", "pk": 3, "fields": {"user": 3, "language": "en", "clipboard": 22}}, {"model": "filer.file", "pk": 1, "fields": {"polymorphic_ctype": 35, "folder": null, "file": "filer_public/34/f4/34f4ca28-7995-4110-aca2-497c5a18f7b5/dummy_hardware_setup.jpg", "_file_size": 62068, "sha1": "437ffbf141f828e0e2caa77690bb90657feb7ee1", "has_all_mandatory_data": false, "original_filename": "dummy_hardware_setup.jpg", "name": "", "description": null, "owner": 1, "uploaded_at": "2018-03-15T17:38:38.767", "modified_at": "2018-03-15T17:38:38.767", "is_public": true}}, {"model": "filer.file", "pk": 2, "fields": {"polymorphic_ctype": 35, "folder": null, "file": "filer_public/14/b8/14b8f3c5-2dbf-4121-b3c3-f49c2cb70a6d/dummy_hardware_setup.jpg", "_file_size": 62068, "sha1": "437ffbf141f828e0e2caa77690bb90657feb7ee1", "has_all_mandatory_data": false, "original_filename": "dummy_hardware_setup.jpg", "name": "", "description": null, "owner": 1, "uploaded_at": "2018-03-15T17:40:07.568", "modified_at": "2018-03-15T17:40:07.568", "is_public": true}}, {"model": "filer.file", "pk": 3, "fields": {"polymorphic_ctype": 35, "folder": null, "file": "filer_public/94/6e/946e4553-83fa-4cad-996a-19bd26b3ff6c/me.jpg", "_file_size": 7003, "sha1": "3ed4688d49c18f4010a69d32303bbdc9f00fa198", "has_all_mandatory_data": false, "original_filename": "me.jpg", "name": "", "description": null, "owner": 1, "uploaded_at": "2018-03-15T17:41:26.907", "modified_at": "2018-03-15T17:41:26.907", "is_public": true}}, {"model": "filer.file", "pk": 4, "fields": {"polymorphic_ctype": 35, "folder": null, "file": "filer_public/ab/98/ab9831ce-c9c7-4fed-a4f6-e9604fed1ad5/me.jpg", "_file_size": 7003, "sha1": "3ed4688d49c18f4010a69d32303bbdc9f00fa198", "has_all_mandatory_data": false, "original_filename": "me.jpg", "name": "", "description": null, "owner": 1, "uploaded_at": "2018-03-15T17:41:59.043", "modified_at": "2018-03-15T17:41:59.043", "is_public": true}}, {"model": "filer.file", "pk": 5, "fields": {"polymorphic_ctype": 35, "folder": null, "file": "filer_public/bf/fa/bffa636c-29a4-4f58-ab21-e0603c06bf7f/pyathumbdelfi-c3_32789_201803122242_zoomedin.png", "_file_size": 53352, "sha1": "049020358c5e9171842f07940fceb8f5316a1cb6", "has_all_mandatory_data": false, "original_filename": "pyA.thumb.Delfi-C3_32789_201803122242_zoomedin.png", "name": "", "description": null, "owner": 1, "uploaded_at": "2018-03-15T17:48:22.694", "modified_at": "2018-03-15T17:48:22.694", "is_public": true}}, {"model": "filer.file", "pk": 6, "fields": {"polymorphic_ctype": 35, "folder": null, "file": "filer_public/7c/ee/7cee8ff8-4415-4c8b-8cca-2756c146ff22/thumbdelfi-c3_32789_201803131012_zoomedin.png", "_file_size": 46846, "sha1": "eb5457f8a296f684d992d2b7ab12a3e19ca66972", "has_all_mandatory_data": false, "original_filename": "thumb.Delfi-C3_32789_201803131012_zoomedin.png", "name": "", "description": null, "owner": 1, "uploaded_at": "2018-03-15T17:48:40.964", "modified_at": "2018-03-15T17:48:40.964", "is_public": true}}, {"model": "filer.file", "pk": 7, "fields": {"polymorphic_ctype": 35, "folder": null, "file": "filer_public/be/a8/bea86d6c-9d16-420e-9141-323b847d34a2/me.jpg", "_file_size": 7003, "sha1": "3ed4688d49c18f4010a69d32303bbdc9f00fa198", "has_all_mandatory_data": false, "original_filename": "me.jpg", "name": "", "description": null, "owner": 1, "uploaded_at": "2018-03-22T16:37:38.334", "modified_at": "2018-03-22T16:37:38.334", "is_public": true}}, {"model": "filer.file", "pk": 8, "fields": {"polymorphic_ctype": 35, "folder": null, "file": "filer_public/33/34/3334d181-4b58-453c-bec0-0dfd6d40c518/dummy_hardware_setup.jpg", "_file_size": 62068, "sha1": "437ffbf141f828e0e2caa77690bb90657feb7ee1", "has_all_mandatory_data": false, "original_filename": "dummy_hardware_setup.jpg", "name": "", "description": null, "owner": 1, "uploaded_at": "2018-03-22T16:38:46.395", "modified_at": "2018-03-22T16:38:46.395", "is_public": true}}, {"model": "filer.clipboard", "pk": 1, "fields": {"user": 1}}, {"model": "filer.clipboard", "pk": 2, "fields": {"user": 3}}, {"model": "filer.image", "pk": 1, "fields": {"_height": 415, "_width": 600, "default_alt_text": null, "default_caption": null, "subject_location": "", "date_taken": "2018-03-15T17:38:38.761", "author": null, "must_always_publish_author_credit": false, "must_always_publish_copyright": false}}, {"model": "filer.image", "pk": 2, "fields": {"_height": 415, "_width": 600, "default_alt_text": null, "default_caption": null, "subject_location": "", "date_taken": "2018-03-15T17:40:07.562", "author": null, "must_always_publish_author_credit": false, "must_always_publish_copyright": false}}, {"model": "filer.image", "pk": 3, "fields": {"_height": 196, "_width": 257, "default_alt_text": null, "default_caption": null, "subject_location": "", "date_taken": "2018-03-15T17:41:26.901", "author": null, "must_always_publish_author_credit": false, "must_always_publish_copyright": false}}, {"model": "filer.image", "pk": 4, "fields": {"_height": 196, "_width": 257, "default_alt_text": null, "default_caption": null, "subject_location": "", "date_taken": "2018-03-15T17:41:59.032", "author": null, "must_always_publish_author_credit": false, "must_always_publish_copyright": false}}, {"model": "filer.image", "pk": 5, "fields": {"_height": 183, "_width": 400, "default_alt_text": null, "default_caption": null, "subject_location": "", "date_taken": "2018-03-15T17:48:22.688", "author": null, "must_always_publish_author_credit": false, "must_always_publish_copyright": false}}, {"model": "filer.image", "pk": 6, "fields": {"_height": 214, "_width": 400, "default_alt_text": null, "default_caption": null, "subject_location": "", "date_taken": "2018-03-15T17:48:40.960", "author": null, "must_always_publish_author_credit": false, "must_always_publish_copyright": false}}, {"model": "filer.image", "pk": 7, "fields": {"_height": 196, "_width": 257, "default_alt_text": null, "default_caption": null, "subject_location": "", "date_taken": "2018-03-22T16:37:38.323", "author": null, "must_always_publish_author_credit": false, "must_always_publish_copyright": false}}, {"model": "filer.image", "pk": 8, "fields": {"_height": 415, "_width": 600, "default_alt_text": null, "default_caption": null, "subject_location": "", "date_taken": "2018-03-22T16:38:46.388", "author": null, "must_always_publish_author_credit": false, "must_always_publish_copyright": false}}, {"model": "admin.logentry", "pk": 1, "fields": {"action_time": "2018-03-01T09:49:39.092", "user": 1, "content_type": 11, "object_id": "56", "object_repr": "Logout", "action_flag": 2, "change_message": "Changed parent."}}, {"model": "admin.logentry", "pk": 2, "fields": {"action_time": "2018-03-01T09:50:04.125", "user": 1, "content_type": 11, "object_id": "56", "object_repr": "Logout", "action_flag": 2, "change_message": "Changed hidden, inmenu and insitetree."}}, {"model": "admin.logentry", "pk": 3, "fields": {"action_time": "2018-03-01T09:50:15.965", "user": 1, "content_type": 10, "object_id": "5", "object_repr": "anonymous", "action_flag": 2, "change_message": "No fields changed."}}, {"model": "admin.logentry", "pk": 4, "fields": {"action_time": "2018-03-01T09:56:41.296", "user": 1, "content_type": 3, "object_id": "1", "object_repr": "docent", "action_flag": 1, "change_message": "Added."}}, {"model": "admin.logentry", "pk": 5, "fields": {"action_time": "2018-03-01T09:58:56.284", "user": 1, "content_type": 3, "object_id": "2", "object_repr": "student", "action_flag": 1, "change_message": "Added."}}, {"model": "admin.logentry", "pk": 6, "fields": {"action_time": "2018-03-01T09:59:06.641", "user": 1, "content_type": 3, "object_id": "3", "object_repr": "superuser", "action_flag": 1, "change_message": "Added."}}, {"model": "admin.logentry", "pk": 7, "fields": {"action_time": "2018-03-01T09:59:26.896", "user": 1, "content_type": 4, "object_id": "2", "object_repr": "docentA", "action_flag": 1, "change_message": "Added."}}, {"model": "admin.logentry", "pk": 8, "fields": {"action_time": "2018-03-01T09:59:41.939", "user": 1, "content_type": 4, "object_id": "2", "object_repr": "docentA", "action_flag": 2, "change_message": "Changed groups."}}, {"model": "admin.logentry", "pk": 9, "fields": {"action_time": "2018-03-01T10:00:01.457", "user": 1, "content_type": 4, "object_id": "3", "object_repr": "superuserA", "action_flag": 1, "change_message": "Added."}}, {"model": "admin.logentry", "pk": 10, "fields": {"action_time": "2018-03-01T10:00:07.675", "user": 1, "content_type": 4, "object_id": "3", "object_repr": "superuserA", "action_flag": 2, "change_message": "Changed groups."}}, {"model": "admin.logentry", "pk": 11, "fields": {"action_time": "2018-03-01T10:15:45.621", "user": 1, "content_type": 11, "object_id": "62", "object_repr": "rutger", "action_flag": 1, "change_message": "Added."}}, {"model": "admin.logentry", "pk": 12, "fields": {"action_time": "2018-03-01T10:18:46.958", "user": 1, "content_type": 11, "object_id": "62", "object_repr": "rutger", "action_flag": 3, "change_message": ""}}, {"model": "admin.logentry", "pk": 13, "fields": {"action_time": "2018-03-01T10:25:31.281", "user": 1, "content_type": 4, "object_id": "5", "object_repr": "docentB", "action_flag": 1, "change_message": "Added."}}, {"model": "admin.logentry", "pk": 14, "fields": {"action_time": "2018-03-01T10:25:49.217", "user": 1, "content_type": 4, "object_id": "5", "object_repr": "docentB", "action_flag": 2, "change_message": "Changed groups."}}, {"model": "admin.logentry", "pk": 15, "fields": {"action_time": "2018-03-01T11:28:32.649", "user": 1, "content_type": 4, "object_id": "2", "object_repr": "docentA", "action_flag": 2, "change_message": "Changed first_name and last_name."}}, {"model": "admin.logentry", "pk": 16, "fields": {"action_time": "2018-03-01T11:29:15.458", "user": 1, "content_type": 4, "object_id": "5", "object_repr": "docentB", "action_flag": 2, "change_message": "Changed first_name and last_name."}}, {"model": "admin.logentry", "pk": 17, "fields": {"action_time": "2018-03-01T17:37:23.750", "user": 1, "content_type": 4, "object_id": "3", "object_repr": "superuserA", "action_flag": 2, "change_message": "Changed first_name and last_name."}}, {"model": "admin.logentry", "pk": 18, "fields": {"action_time": "2018-03-06T15:59:16.268", "user": 1, "content_type": 10, "object_id": "7", "object_repr": "superuser", "action_flag": 3, "change_message": ""}}, {"model": "admin.logentry", "pk": 19, "fields": {"action_time": "2018-03-06T15:59:46.129", "user": 1, "content_type": 11, "object_id": "2", "object_repr": "List of courses", "action_flag": 2, "change_message": "Changed parent, inmenu and insitetree."}}, {"model": "admin.logentry", "pk": 20, "fields": {"action_time": "2018-03-06T15:59:55.445", "user": 1, "content_type": 11, "object_id": "14", "object_repr": "Edit {{course.name}}", "action_flag": 2, "change_message": "Changed parent, inmenu and insitetree."}}, {"model": "admin.logentry", "pk": 21, "fields": {"action_time": "2018-03-06T16:00:05.996", "user": 1, "content_type": 11, "object_id": "17", "object_repr": "Edit time slots", "action_flag": 2, "change_message": "Changed parent, inmenu and insitetree."}}, {"model": "admin.logentry", "pk": 22, "fields": {"action_time": "2018-03-06T16:00:13.587", "user": 1, "content_type": 11, "object_id": "15", "object_repr": "Create course", "action_flag": 2, "change_message": "Changed parent, inmenu and insitetree."}}, {"model": "admin.logentry", "pk": 23, "fields": {"action_time": "2018-03-06T16:00:21.637", "user": 1, "content_type": 11, "object_id": "55", "object_repr": "Manage recordings", "action_flag": 2, "change_message": "Changed parent, inmenu and insitetree."}}, {"model": "admin.logentry", "pk": 24, "fields": {"action_time": "2018-03-06T16:00:29.349", "user": 1, "content_type": 11, "object_id": "54", "object_repr": "Downloads", "action_flag": 2, "change_message": "Changed parent, inmenu and insitetree."}}, {"model": "admin.logentry", "pk": 25, "fields": {"action_time": "2018-03-06T16:01:07.953", "user": 1, "content_type": 11, "object_id": "2", "object_repr": "List of courses", "action_flag": 2, "change_message": "Changed parent."}}, {"model": "admin.logentry", "pk": 26, "fields": {"action_time": "2018-03-06T16:01:20.967", "user": 1, "content_type": 11, "object_id": "15", "object_repr": "Create course", "action_flag": 2, "change_message": "Changed parent."}}, {"model": "admin.logentry", "pk": 27, "fields": {"action_time": "2018-03-06T16:01:28.194", "user": 1, "content_type": 11, "object_id": "55", "object_repr": "Manage recordings", "action_flag": 2, "change_message": "Changed parent."}}, {"model": "admin.logentry", "pk": 28, "fields": {"action_time": "2018-03-06T16:01:32.517", "user": 1, "content_type": 11, "object_id": "54", "object_repr": "Downloads", "action_flag": 2, "change_message": "Changed parent."}}, {"model": "admin.logentry", "pk": 29, "fields": {"action_time": "2018-03-06T16:01:37.931", "user": 1, "content_type": 11, "object_id": "54", "object_repr": "Downloads", "action_flag": 2, "change_message": "Changed parent."}}, {"model": "admin.logentry", "pk": 30, "fields": {"action_time": "2018-03-06T16:03:04.688", "user": 1, "content_type": 11, "object_id": "47", "object_repr": "Doptrack", "action_flag": 2, "change_message": "Changed insitetree."}}, {"model": "admin.logentry", "pk": 31, "fields": {"action_time": "2018-03-06T16:03:14.357", "user": 1, "content_type": 10, "object_id": "1", "object_repr": "docent", "action_flag": 2, "change_message": "No fields changed."}}, {"model": "admin.logentry", "pk": 32, "fields": {"action_time": "2018-03-06T16:04:32.419", "user": 1, "content_type": 11, "object_id": "47", "object_repr": "Doptrack", "action_flag": 2, "change_message": "Changed inmenu."}}, {"model": "admin.logentry", "pk": 33, "fields": {"action_time": "2018-03-06T16:26:26.434", "user": 1, "content_type": 11, "object_id": "14", "object_repr": "Edit {{course.name}}", "action_flag": 2, "change_message": "Changed parent and hidden."}}, {"model": "admin.logentry", "pk": 34, "fields": {"action_time": "2018-03-06T16:26:36.529", "user": 1, "content_type": 11, "object_id": "17", "object_repr": "Edit time slots", "action_flag": 2, "change_message": "Changed parent and hidden."}}, {"model": "admin.logentry", "pk": 35, "fields": {"action_time": "2018-03-06T16:26:46.058", "user": 1, "content_type": 11, "object_id": "15", "object_repr": "Create course", "action_flag": 2, "change_message": "Changed hidden."}}, {"model": "admin.logentry", "pk": 36, "fields": {"action_time": "2018-03-06T16:35:51.779", "user": 1, "content_type": 11, "object_id": "47", "object_repr": "Doptrack", "action_flag": 2, "change_message": "Changed inbreadcrumbs."}}, {"model": "admin.logentry", "pk": 37, "fields": {"action_time": "2018-03-06T16:36:01.821", "user": 1, "content_type": 11, "object_id": "1", "object_repr": "Login", "action_flag": 2, "change_message": "Changed inbreadcrumbs."}}, {"model": "admin.logentry", "pk": 38, "fields": {"action_time": "2018-03-06T16:49:39.085", "user": 1, "content_type": 11, "object_id": "2", "object_repr": "List of courses", "action_flag": 2, "change_message": "Changed hidden."}}, {"model": "admin.logentry", "pk": 39, "fields": {"action_time": "2018-03-06T16:50:26.567", "user": 1, "content_type": 11, "object_id": "2", "object_repr": "List of courses", "action_flag": 2, "change_message": "Changed hidden."}}, {"model": "admin.logentry", "pk": 40, "fields": {"action_time": "2018-03-06T16:50:49.094", "user": 1, "content_type": 11, "object_id": "2", "object_repr": "List of courses", "action_flag": 2, "change_message": "Changed inbreadcrumbs."}}, {"model": "admin.logentry", "pk": 41, "fields": {"action_time": "2018-03-06T16:55:47.301", "user": 1, "content_type": 11, "object_id": "55", "object_repr": "Manage recordings", "action_flag": 2, "change_message": "Changed url."}}, {"model": "admin.logentry", "pk": 42, "fields": {"action_time": "2018-03-06T16:56:16.933", "user": 1, "content_type": 11, "object_id": "55", "object_repr": "Manage recordings", "action_flag": 2, "change_message": "Changed url."}}, {"model": "admin.logentry", "pk": 43, "fields": {"action_time": "2018-03-06T16:56:34.332", "user": 1, "content_type": 11, "object_id": "15", "object_repr": "Create course", "action_flag": 2, "change_message": "Changed url."}}, {"model": "admin.logentry", "pk": 44, "fields": {"action_time": "2018-03-06T16:56:55.413", "user": 1, "content_type": 11, "object_id": "15", "object_repr": "Create course", "action_flag": 2, "change_message": "Changed url."}}, {"model": "admin.logentry", "pk": 45, "fields": {"action_time": "2018-03-07T09:40:36.212", "user": 1, "content_type": 11, "object_id": "51", "object_repr": "login", "action_flag": 2, "change_message": "Changed parent, inmenu and inbreadcrumbs."}}, {"model": "admin.logentry", "pk": 46, "fields": {"action_time": "2018-03-07T09:40:58.780", "user": 1, "content_type": 11, "object_id": "18", "object_repr": "Logout", "action_flag": 2, "change_message": "Changed parent."}}, {"model": "admin.logentry", "pk": 47, "fields": {"action_time": "2018-03-07T09:41:20.662", "user": 1, "content_type": 11, "object_id": "19", "object_repr": "List of courses", "action_flag": 2, "change_message": "Changed parent, inmenu, inbreadcrumbs and insitetree."}}, {"model": "admin.logentry", "pk": 48, "fields": {"action_time": "2018-03-07T09:41:33.522", "user": 1, "content_type": 11, "object_id": "20", "object_repr": "Time slot", "action_flag": 2, "change_message": "Changed parent, inmenu and insitetree."}}, {"model": "admin.logentry", "pk": 49, "fields": {"action_time": "2018-03-07T09:41:44.613", "user": 1, "content_type": 11, "object_id": "52", "object_repr": "Manage recordings", "action_flag": 2, "change_message": "Changed parent, inmenu and insitetree."}}, {"model": "admin.logentry", "pk": 50, "fields": {"action_time": "2018-03-07T09:41:56.065", "user": 1, "content_type": 11, "object_id": "53", "object_repr": "Downloads", "action_flag": 2, "change_message": "Changed parent, inmenu and insitetree."}}, {"model": "admin.logentry", "pk": 51, "fields": {"action_time": "2018-03-07T09:42:13.472", "user": 1, "content_type": 11, "object_id": "50", "object_repr": "Doptrack", "action_flag": 2, "change_message": "Changed inmenu and insitetree."}}, {"model": "admin.logentry", "pk": 52, "fields": {"action_time": "2018-03-07T09:42:28.547", "user": 1, "content_type": 11, "object_id": "19", "object_repr": "List of courses", "action_flag": 2, "change_message": "Changed parent."}}, {"model": "admin.logentry", "pk": 53, "fields": {"action_time": "2018-03-07T09:42:46.071", "user": 1, "content_type": 11, "object_id": "51", "object_repr": "login", "action_flag": 2, "change_message": "Changed parent."}}, {"model": "admin.logentry", "pk": 54, "fields": {"action_time": "2018-03-07T09:42:52.246", "user": 1, "content_type": 11, "object_id": "52", "object_repr": "Manage recordings", "action_flag": 2, "change_message": "Changed parent."}}, {"model": "admin.logentry", "pk": 55, "fields": {"action_time": "2018-03-07T09:43:03.691", "user": 1, "content_type": 11, "object_id": "20", "object_repr": "Time slot", "action_flag": 2, "change_message": "Changed parent."}}, {"model": "admin.logentry", "pk": 56, "fields": {"action_time": "2018-03-07T09:43:16.497", "user": 1, "content_type": 11, "object_id": "52", "object_repr": "Manage recordings", "action_flag": 2, "change_message": "No fields changed."}}, {"model": "admin.logentry", "pk": 57, "fields": {"action_time": "2018-03-07T09:43:24.065", "user": 1, "content_type": 11, "object_id": "53", "object_repr": "Downloads", "action_flag": 2, "change_message": "Changed parent."}}, {"model": "admin.logentry", "pk": 58, "fields": {"action_time": "2018-03-07T09:43:50.528", "user": 1, "content_type": 10, "object_id": "3", "object_repr": "student", "action_flag": 2, "change_message": "No fields changed."}}, {"model": "admin.logentry", "pk": 59, "fields": {"action_time": "2018-03-07T09:44:14.109", "user": 1, "content_type": 11, "object_id": "20", "object_repr": "Time slot", "action_flag": 2, "change_message": "Changed hidden."}}, {"model": "admin.logentry", "pk": 60, "fields": {"action_time": "2018-03-07T09:50:35.024", "user": 1, "content_type": 11, "object_id": "18", "object_repr": "Logout", "action_flag": 2, "change_message": "Changed inmenu, inbreadcrumbs and insitetree."}}, {"model": "admin.logentry", "pk": 61, "fields": {"action_time": "2018-03-07T09:50:51.932", "user": 1, "content_type": 11, "object_id": "51", "object_repr": "login", "action_flag": 2, "change_message": "Changed access_guest."}}, {"model": "admin.logentry", "pk": 62, "fields": {"action_time": "2018-03-07T13:08:50.502", "user": 1, "content_type": 11, "object_id": "49", "object_repr": "Doptrack", "action_flag": 2, "change_message": "Changed hidden, inmenu, inbreadcrumbs and insitetree."}}, {"model": "admin.logentry", "pk": 63, "fields": {"action_time": "2018-03-07T13:13:30.099", "user": 1, "content_type": 11, "object_id": "49", "object_repr": "Doptrack", "action_flag": 2, "change_message": "Changed description."}}, {"model": "admin.logentry", "pk": 64, "fields": {"action_time": "2018-03-07T13:18:32.776", "user": 1, "content_type": 11, "object_id": "49", "object_repr": "Doptrack", "action_flag": 2, "change_message": "No fields changed."}}, {"model": "admin.logentry", "pk": 65, "fields": {"action_time": "2018-03-07T13:19:59.163", "user": 1, "content_type": 11, "object_id": "21", "object_repr": "Login", "action_flag": 2, "change_message": "Changed description."}}, {"model": "admin.logentry", "pk": 66, "fields": {"action_time": "2018-03-07T13:22:27.753", "user": 1, "content_type": 11, "object_id": "21", "object_repr": "Login", "action_flag": 2, "change_message": "Changed description."}}, {"model": "admin.logentry", "pk": 67, "fields": {"action_time": "2018-03-07T13:22:52.533", "user": 1, "content_type": 11, "object_id": "21", "object_repr": "Login", "action_flag": 2, "change_message": "Changed description."}}, {"model": "admin.logentry", "pk": 68, "fields": {"action_time": "2018-03-07T13:23:16.255", "user": 1, "content_type": 11, "object_id": "21", "object_repr": "Login", "action_flag": 2, "change_message": "Changed description."}}, {"model": "admin.logentry", "pk": 69, "fields": {"action_time": "2018-03-07T13:25:49.502", "user": 1, "content_type": 11, "object_id": "49", "object_repr": "Doptrack", "action_flag": 2, "change_message": "Changed description."}}, {"model": "admin.logentry", "pk": 70, "fields": {"action_time": "2018-03-07T13:26:24.165", "user": 1, "content_type": 11, "object_id": "49", "object_repr": "Doptrack", "action_flag": 2, "change_message": "Changed description."}}, {"model": "admin.logentry", "pk": 71, "fields": {"action_time": "2018-03-07T13:42:01.378", "user": 1, "content_type": 11, "object_id": "50", "object_repr": "Doptrack", "action_flag": 2, "change_message": "Changed description."}}, {"model": "admin.logentry", "pk": 72, "fields": {"action_time": "2018-03-08T10:26:35.476", "user": 1, "content_type": 11, "object_id": "52", "object_repr": "Schedule recording", "action_flag": 2, "change_message": "Changed title."}}, {"model": "admin.logentry", "pk": 73, "fields": {"action_time": "2018-03-08T10:26:55.207", "user": 1, "content_type": 11, "object_id": "53", "object_repr": "Download recording", "action_flag": 2, "change_message": "Changed title."}}, {"model": "admin.logentry", "pk": 74, "fields": {"action_time": "2018-03-08T10:53:08.327", "user": 1, "content_type": 11, "object_id": "53", "object_repr": "Download recording", "action_flag": 2, "change_message": "Changed url."}}, {"model": "admin.logentry", "pk": 75, "fields": {"action_time": "2018-03-08T10:54:16.961", "user": 1, "content_type": 11, "object_id": "54", "object_repr": "Downloads", "action_flag": 2, "change_message": "Changed url."}}, {"model": "admin.logentry", "pk": 76, "fields": {"action_time": "2018-03-08T11:19:56.276", "user": 1, "content_type": 11, "object_id": "20", "object_repr": "Time slot", "action_flag": 2, "change_message": "Changed description."}}, {"model": "admin.logentry", "pk": 77, "fields": {"action_time": "2018-03-08T11:20:21.601", "user": 1, "content_type": 11, "object_id": "20", "object_repr": "Time slot", "action_flag": 2, "change_message": "Changed description."}}, {"model": "admin.logentry", "pk": 78, "fields": {"action_time": "2018-03-08T11:23:02.224", "user": 1, "content_type": 11, "object_id": "20", "object_repr": "Time slot", "action_flag": 2, "change_message": "Changed description."}}, {"model": "admin.logentry", "pk": 79, "fields": {"action_time": "2018-03-08T11:23:28.397", "user": 1, "content_type": 11, "object_id": "20", "object_repr": "Time slot", "action_flag": 2, "change_message": "Changed description."}}, {"model": "admin.logentry", "pk": 80, "fields": {"action_time": "2018-03-08T13:14:04.137", "user": 1, "content_type": 11, "object_id": "63", "object_repr": "Requests", "action_flag": 1, "change_message": "Added."}}, {"model": "admin.logentry", "pk": 81, "fields": {"action_time": "2018-03-08T14:18:26.269", "user": 1, "content_type": 4, "object_id": "3", "object_repr": "superuserA", "action_flag": 2, "change_message": "Changed email."}}, {"model": "admin.logentry", "pk": 82, "fields": {"action_time": "2018-03-08T14:19:09.755", "user": 1, "content_type": 4, "object_id": "6", "object_repr": "rvandenberg", "action_flag": 2, "change_message": "Changed email and groups."}}, {"model": "admin.logentry", "pk": 83, "fields": {"action_time": "2018-03-12T14:00:29.011", "user": 1, "content_type": 14, "object_id": "1", "object_repr": "main", "action_flag": 1, "change_message": "Added."}}, {"model": "admin.logentry", "pk": 84, "fields": {"action_time": "2018-03-12T14:00:47.122", "user": 1, "content_type": 14, "object_id": "1", "object_repr": "main", "action_flag": 2, "change_message": "Changed reverse_id and xframe_options."}}, {"model": "admin.logentry", "pk": 85, "fields": {"action_time": "2018-03-12T14:01:40.306", "user": 1, "content_type": 14, "object_id": "1", "object_repr": "main", "action_flag": 2, "change_message": "No fields changed."}}, {"model": "admin.logentry", "pk": 86, "fields": {"action_time": "2018-03-12T14:02:15.418", "user": 1, "content_type": 14, "object_id": "3", "object_repr": "test", "action_flag": 1, "change_message": "Added."}}, {"model": "admin.logentry", "pk": 87, "fields": {"action_time": "2018-03-12T14:03:02.767", "user": 1, "content_type": 14, "object_id": "1", "object_repr": "main", "action_flag": 2, "change_message": ""}}, {"model": "admin.logentry", "pk": 88, "fields": {"action_time": "2018-03-12T14:06:17.334", "user": 1, "content_type": 14, "object_id": "4", "object_repr": "main", "action_flag": 2, "change_message": ""}}, {"model": "admin.logentry", "pk": 89, "fields": {"action_time": "2018-03-12T14:09:12.077", "user": 1, "content_type": 14, "object_id": "4", "object_repr": "main", "action_flag": 2, "change_message": ""}}, {"model": "admin.logentry", "pk": 90, "fields": {"action_time": "2018-03-12T14:09:32.159", "user": 1, "content_type": 14, "object_id": "1", "object_repr": "main", "action_flag": 3, "change_message": ""}}, {"model": "admin.logentry", "pk": 91, "fields": {"action_time": "2018-03-12T14:27:28.557", "user": 1, "content_type": 14, "object_id": "4", "object_repr": "main", "action_flag": 2, "change_message": "Changed reverse_id and xframe_options."}}, {"model": "admin.logentry", "pk": 92, "fields": {"action_time": "2018-03-12T14:34:26.966", "user": 1, "content_type": 14, "object_id": "4", "object_repr": "main", "action_flag": 2, "change_message": ""}}, {"model": "admin.logentry", "pk": 93, "fields": {"action_time": "2018-03-12T14:59:09.116", "user": 1, "content_type": 11, "object_id": "51", "object_repr": "login", "action_flag": 2, "change_message": "Changed hint."}}, {"model": "admin.logentry", "pk": 94, "fields": {"action_time": "2018-03-12T15:00:19.533", "user": 1, "content_type": 14, "object_id": "4", "object_repr": "main", "action_flag": 2, "change_message": "Changed reverse_id and xframe_options."}}, {"model": "admin.logentry", "pk": 95, "fields": {"action_time": "2018-03-12T15:02:27.476", "user": 1, "content_type": 14, "object_id": "4", "object_repr": "main", "action_flag": 2, "change_message": "Changed slug."}}, {"model": "admin.logentry", "pk": 96, "fields": {"action_time": "2018-03-12T15:02:49.094", "user": 1, "content_type": 14, "object_id": "4", "object_repr": "cms_main", "action_flag": 2, "change_message": "Changed title."}}, {"model": "admin.logentry", "pk": 97, "fields": {"action_time": "2018-03-12T15:03:12.498", "user": 1, "content_type": 14, "object_id": "4", "object_repr": "cms_main", "action_flag": 2, "change_message": "Changed xframe_options."}}, {"model": "admin.logentry", "pk": 98, "fields": {"action_time": "2018-03-12T15:04:53.171", "user": 1, "content_type": 14, "object_id": "4", "object_repr": "cms_main", "action_flag": 2, "change_message": "Changed reverse_id and xframe_options."}}, {"model": "admin.logentry", "pk": 99, "fields": {"action_time": "2018-03-12T15:05:02.843", "user": 1, "content_type": 14, "object_id": "4", "object_repr": "cmsmain", "action_flag": 2, "change_message": "Changed title and slug."}}, {"model": "admin.logentry", "pk": 100, "fields": {"action_time": "2018-03-12T15:05:04.899", "user": 1, "content_type": 14, "object_id": "4", "object_repr": "cmsmain", "action_flag": 2, "change_message": "No fields changed."}}, {"model": "admin.logentry", "pk": 101, "fields": {"action_time": "2018-03-12T15:06:36.038", "user": 1, "content_type": 14, "object_id": "4", "object_repr": "cmsmain", "action_flag": 2, "change_message": ""}}, {"model": "admin.logentry", "pk": 102, "fields": {"action_time": "2018-03-12T15:09:32.050", "user": 1, "content_type": 11, "object_id": "51", "object_repr": "login", "action_flag": 2, "change_message": "Changed hint and description."}}, {"model": "admin.logentry", "pk": 103, "fields": {"action_time": "2018-03-12T16:09:42.121", "user": 1, "content_type": 14, "object_id": "4", "object_repr": "Login information for students", "action_flag": 2, "change_message": "Changed title and slug."}}, {"model": "admin.logentry", "pk": 104, "fields": {"action_time": "2018-03-12T16:11:04.935", "user": 1, "content_type": 14, "object_id": "4", "object_repr": "Login information for students", "action_flag": 2, "change_message": "Changed reverse_id and xframe_options."}}, {"model": "admin.logentry", "pk": 105, "fields": {"action_time": "2018-03-12T16:12:38.182", "user": 1, "content_type": 14, "object_id": "4", "object_repr": "Login information for students", "action_flag": 2, "change_message": ""}}, {"model": "admin.logentry", "pk": 106, "fields": {"action_time": "2018-03-12T16:14:01.221", "user": 1, "content_type": 14, "object_id": "4", "object_repr": "Login information for students", "action_flag": 2, "change_message": "Changed slug."}}, {"model": "admin.logentry", "pk": 107, "fields": {"action_time": "2018-03-12T16:14:04.537", "user": 1, "content_type": 14, "object_id": "4", "object_repr": "Login information for students", "action_flag": 2, "change_message": ""}}, {"model": "admin.logentry", "pk": 108, "fields": {"action_time": "2018-03-12T16:14:45.315", "user": 1, "content_type": 14, "object_id": "4", "object_repr": "Login information for students", "action_flag": 2, "change_message": "Changed slug."}}, {"model": "admin.logentry", "pk": 109, "fields": {"action_time": "2018-03-12T16:14:51.761", "user": 1, "content_type": 14, "object_id": "4", "object_repr": "Login information for students", "action_flag": 2, "change_message": ""}}, {"model": "admin.logentry", "pk": 110, "fields": {"action_time": "2018-03-12T16:15:18.448", "user": 1, "content_type": 14, "object_id": "4", "object_repr": "Login information for students", "action_flag": 2, "change_message": "Changed reverse_id and xframe_options."}}, {"model": "admin.logentry", "pk": 111, "fields": {"action_time": "2018-03-12T16:15:23.813", "user": 1, "content_type": 14, "object_id": "4", "object_repr": "Login information for students", "action_flag": 2, "change_message": ""}}, {"model": "admin.logentry", "pk": 112, "fields": {"action_time": "2018-03-12T16:24:04.899", "user": 1, "content_type": 14, "object_id": "4", "object_repr": "Login information for students", "action_flag": 2, "change_message": "No fields changed."}}, {"model": "admin.logentry", "pk": 113, "fields": {"action_time": "2018-03-12T16:24:20.802", "user": 1, "content_type": 14, "object_id": "4", "object_repr": "Login information for students", "action_flag": 2, "change_message": "Changed reverse_id and xframe_options."}}, {"model": "admin.logentry", "pk": 114, "fields": {"action_time": "2018-03-12T16:24:34.119", "user": 1, "content_type": 14, "object_id": "4", "object_repr": "Login information for students", "action_flag": 2, "change_message": ""}}, {"model": "admin.logentry", "pk": 115, "fields": {"action_time": "2018-03-13T11:43:52.526", "user": 1, "content_type": 10, "object_id": "8", "object_repr": "main", "action_flag": 1, "change_message": "Added."}}, {"model": "admin.logentry", "pk": 116, "fields": {"action_time": "2018-03-13T12:54:25.588", "user": 1, "content_type": 10, "object_id": "8", "object_repr": "main", "action_flag": 2, "change_message": "No fields changed."}}, {"model": "admin.logentry", "pk": 117, "fields": {"action_time": "2018-03-13T12:54:40.703", "user": 1, "content_type": 10, "object_id": "8", "object_repr": "admin", "action_flag": 2, "change_message": "Changed alias."}}, {"model": "admin.logentry", "pk": 118, "fields": {"action_time": "2018-03-13T12:55:19.494", "user": 1, "content_type": 11, "object_id": "64", "object_repr": "main", "action_flag": 1, "change_message": "Added."}}, {"model": "admin.logentry", "pk": 119, "fields": {"action_time": "2018-03-13T12:55:37.928", "user": 1, "content_type": 11, "object_id": "64", "object_repr": "main", "action_flag": 2, "change_message": "Changed hidden, inmenu, inbreadcrumbs and insitetree."}}, {"model": "admin.logentry", "pk": 120, "fields": {"action_time": "2018-03-13T13:12:44.964", "user": 1, "content_type": 11, "object_id": "65", "object_repr": "Logout", "action_flag": 1, "change_message": "Added."}}, {"model": "admin.logentry", "pk": 121, "fields": {"action_time": "2018-03-13T13:17:44.454", "user": 1, "content_type": 14, "object_id": "6", "object_repr": "Technische Documentatie", "action_flag": 1, "change_message": "Added."}}, {"model": "admin.logentry", "pk": 122, "fields": {"action_time": "2018-03-13T13:18:27.080", "user": 1, "content_type": 14, "object_id": "6", "object_repr": "Technische Documentatie", "action_flag": 2, "change_message": "Changed reverse_id and xframe_options."}}, {"model": "admin.logentry", "pk": 123, "fields": {"action_time": "2018-03-13T13:18:47.890", "user": 1, "content_type": 14, "object_id": "6", "object_repr": "admin_main Technische Documentatie", "action_flag": 2, "change_message": "Changed title."}}, {"model": "admin.logentry", "pk": 124, "fields": {"action_time": "2018-03-13T13:19:40.826", "user": 1, "content_type": 14, "object_id": "6", "object_repr": "admin_main Technische Documentatie", "action_flag": 2, "change_message": "No fields changed."}}, {"model": "admin.logentry", "pk": 125, "fields": {"action_time": "2018-03-13T13:20:28.224", "user": 1, "content_type": 14, "object_id": "6", "object_repr": "admin_main Technische Documentatie", "action_flag": 2, "change_message": ""}}, {"model": "admin.logentry", "pk": 126, "fields": {"action_time": "2018-03-13T13:23:34.036", "user": 1, "content_type": 14, "object_id": "6", "object_repr": "admin_main Technische Documentatie", "action_flag": 2, "change_message": ""}}, {"model": "admin.logentry", "pk": 127, "fields": {"action_time": "2018-03-13T13:25:16.946", "user": 1, "content_type": 14, "object_id": "4", "object_repr": "cms_student_login  (Login information for students)", "action_flag": 2, "change_message": "Changed title."}}, {"model": "admin.logentry", "pk": 128, "fields": {"action_time": "2018-03-13T13:25:33.258", "user": 1, "content_type": 14, "object_id": "4", "object_repr": "cms_student_login  (Login information for students)", "action_flag": 2, "change_message": ""}}, {"model": "admin.logentry", "pk": 129, "fields": {"action_time": "2018-03-13T13:25:46.097", "user": 1, "content_type": 14, "object_id": "6", "object_repr": "cms_admin_main Technische Documentatie", "action_flag": 2, "change_message": "Changed title."}}, {"model": "admin.logentry", "pk": 130, "fields": {"action_time": "2018-03-13T13:25:56.233", "user": 1, "content_type": 14, "object_id": "6", "object_repr": "cms_admin_main (Technische Documentatie)", "action_flag": 2, "change_message": "Changed title."}}, {"model": "admin.logentry", "pk": 131, "fields": {"action_time": "2018-03-13T13:26:06.100", "user": 1, "content_type": 14, "object_id": "6", "object_repr": "cms_admin_main (Technische Documentatie)", "action_flag": 2, "change_message": "Changed meta_description."}}, {"model": "admin.logentry", "pk": 132, "fields": {"action_time": "2018-03-13T13:26:23.949", "user": 1, "content_type": 14, "object_id": "6", "object_repr": "cms_admin_main (Technische Documentatie)", "action_flag": 2, "change_message": "Changed meta_description."}}, {"model": "admin.logentry", "pk": 133, "fields": {"action_time": "2018-03-13T13:26:27.635", "user": 1, "content_type": 14, "object_id": "6", "object_repr": "cms_admin_main (Technische Documentatie)", "action_flag": 2, "change_message": ""}}, {"model": "admin.logentry", "pk": 134, "fields": {"action_time": "2018-03-13T13:31:24.398", "user": 1, "content_type": 14, "object_id": "6", "object_repr": "cms_admin_main (Technische Documentatie)", "action_flag": 2, "change_message": "Changed xframe_options."}}, {"model": "admin.logentry", "pk": 135, "fields": {"action_time": "2018-03-13T13:31:25.707", "user": 1, "content_type": 14, "object_id": "6", "object_repr": "cms_admin_main (Technische Documentatie)", "action_flag": 2, "change_message": "Changed xframe_options."}}, {"model": "admin.logentry", "pk": 136, "fields": {"action_time": "2018-03-13T13:34:43.735", "user": 1, "content_type": 14, "object_id": "8", "object_repr": "cms_docent_main (Docent main pagina)", "action_flag": 1, "change_message": "Added."}}, {"model": "admin.logentry", "pk": 137, "fields": {"action_time": "2018-03-13T13:34:53.562", "user": 1, "content_type": 14, "object_id": "8", "object_repr": "cms_docent_main (Docent main pagina)", "action_flag": 2, "change_message": "Changed reverse_id and xframe_options."}}, {"model": "admin.logentry", "pk": 138, "fields": {"action_time": "2018-03-13T13:35:00.443", "user": 1, "content_type": 14, "object_id": "6", "object_repr": "cms_admin_main (Technische Documentatie)", "action_flag": 2, "change_message": ""}}, {"model": "admin.logentry", "pk": 139, "fields": {"action_time": "2018-03-13T13:35:12.093", "user": 1, "content_type": 14, "object_id": "4", "object_repr": "cms_student_login  (Login information for students)", "action_flag": 2, "change_message": ""}}, {"model": "admin.logentry", "pk": 140, "fields": {"action_time": "2018-03-13T13:36:03.720", "user": 1, "content_type": 14, "object_id": "8", "object_repr": "cms_docent_main (Docent main pagina)", "action_flag": 2, "change_message": ""}}, {"model": "admin.logentry", "pk": 141, "fields": {"action_time": "2018-03-13T13:38:49.841", "user": 1, "content_type": 14, "object_id": "8", "object_repr": "cms_docent_main (Docent main pagina)", "action_flag": 2, "change_message": ""}}, {"model": "admin.logentry", "pk": 142, "fields": {"action_time": "2018-03-13T13:41:44.844", "user": 1, "content_type": 14, "object_id": "10", "object_repr": "cms_anonymous_login  (Login page)", "action_flag": 1, "change_message": "Added."}}, {"model": "admin.logentry", "pk": 143, "fields": {"action_time": "2018-03-13T13:41:53.528", "user": 1, "content_type": 14, "object_id": "10", "object_repr": "cms_anonymous_login  (Login page)", "action_flag": 2, "change_message": "Changed reverse_id and xframe_options."}}, {"model": "admin.logentry", "pk": 144, "fields": {"action_time": "2018-03-13T13:45:36.449", "user": 1, "content_type": 14, "object_id": "10", "object_repr": "cms_anonymous_login  (Login page)", "action_flag": 2, "change_message": ""}}, {"model": "admin.logentry", "pk": 145, "fields": {"action_time": "2018-03-13T13:46:25.468", "user": 1, "content_type": 14, "object_id": "12", "object_repr": "cms_anonymous_main (Guest main page)", "action_flag": 1, "change_message": "Added."}}, {"model": "admin.logentry", "pk": 146, "fields": {"action_time": "2018-03-13T13:46:44.115", "user": 1, "content_type": 14, "object_id": "12", "object_repr": "cms_anonymous_main (Guest main page)", "action_flag": 2, "change_message": "Changed reverse_id and xframe_options."}}, {"model": "admin.logentry", "pk": 147, "fields": {"action_time": "2018-03-13T13:46:49.075", "user": 1, "content_type": 14, "object_id": "12", "object_repr": "cms_anonymous_main (Guest main page)", "action_flag": 2, "change_message": "No fields changed."}}, {"model": "admin.logentry", "pk": 148, "fields": {"action_time": "2018-03-13T14:20:52.996", "user": 1, "content_type": 14, "object_id": "12", "object_repr": "cms_anonymous_main (Guest main page)", "action_flag": 2, "change_message": ""}}, {"model": "admin.logentry", "pk": 149, "fields": {"action_time": "2018-03-13T14:23:21.815", "user": 1, "content_type": 11, "object_id": "63", "object_repr": "Requests", "action_flag": 2, "change_message": "Changed url."}}, {"model": "admin.logentry", "pk": 150, "fields": {"action_time": "2018-03-13T14:23:26.307", "user": 1, "content_type": 10, "object_id": "5", "object_repr": "anonymous", "action_flag": 2, "change_message": "No fields changed."}}, {"model": "admin.logentry", "pk": 151, "fields": {"action_time": "2018-03-13T14:24:35.136", "user": 1, "content_type": 14, "object_id": "14", "object_repr": "cms_anonymous_request (Verzoek van anonieme bezoeker aan admin)", "action_flag": 1, "change_message": "Added."}}, {"model": "admin.logentry", "pk": 152, "fields": {"action_time": "2018-03-13T14:24:46.155", "user": 1, "content_type": 14, "object_id": "14", "object_repr": "cms_anonymous_request (Verzoek van anonieme bezoeker aan admin)", "action_flag": 2, "change_message": "Changed slug."}}, {"model": "admin.logentry", "pk": 153, "fields": {"action_time": "2018-03-13T14:31:26.948", "user": 1, "content_type": 14, "object_id": "14", "object_repr": "cms_anonymous_request (Verzoek van anonieme bezoeker aan admin)", "action_flag": 2, "change_message": ""}}, {"model": "admin.logentry", "pk": 154, "fields": {"action_time": "2018-03-13T14:32:16.414", "user": 1, "content_type": 14, "object_id": "14", "object_repr": "cms_anonymous_request (Verzoek van anonieme bezoeker aan admin)", "action_flag": 2, "change_message": "Changed reverse_id and xframe_options."}}, {"model": "admin.logentry", "pk": 155, "fields": {"action_time": "2018-03-13T14:32:19.808", "user": 1, "content_type": 14, "object_id": "14", "object_repr": "cms_anonymous_request (Verzoek van anonieme bezoeker aan admin)", "action_flag": 2, "change_message": ""}}, {"model": "admin.logentry", "pk": 156, "fields": {"action_time": "2018-03-13T14:36:59.046", "user": 1, "content_type": 14, "object_id": "14", "object_repr": "cms_anonymous_request (Verzoek van anonieme bezoeker aan admin)", "action_flag": 2, "change_message": ""}}, {"model": "admin.logentry", "pk": 157, "fields": {"action_time": "2018-03-15T17:35:19.914", "user": 1, "content_type": 14, "object_id": "6", "object_repr": "cms_admin_main (Technische Documentatie)", "action_flag": 2, "change_message": "No fields changed."}}, {"model": "admin.logentry", "pk": 158, "fields": {"action_time": "2018-03-15T17:42:53.382", "user": 1, "content_type": 14, "object_id": "6", "object_repr": "cms_admin_main (Technische Documentatie)", "action_flag": 2, "change_message": ""}}, {"model": "admin.logentry", "pk": 159, "fields": {"action_time": "2018-03-15T17:55:24.137", "user": 1, "content_type": 14, "object_id": "12", "object_repr": "cms_anonymous_main (Guest main page)", "action_flag": 2, "change_message": ""}}, {"model": "admin.logentry", "pk": 160, "fields": {"action_time": "2018-03-21T13:08:49.680", "user": 1, "content_type": 11, "object_id": "66", "object_repr": "Images", "action_flag": 1, "change_message": "Added."}}, {"model": "admin.logentry", "pk": 161, "fields": {"action_time": "2018-03-21T13:50:04.947", "user": 1, "content_type": 11, "object_id": "20", "object_repr": "Time slot", "action_flag": 2, "change_message": "Changed description."}}, {"model": "admin.logentry", "pk": 162, "fields": {"action_time": "2018-03-21T13:51:04.423", "user": 1, "content_type": 11, "object_id": "66", "object_repr": "Images", "action_flag": 2, "change_message": "Changed url."}}, {"model": "admin.logentry", "pk": 163, "fields": {"action_time": "2018-03-21T14:04:13.702", "user": 1, "content_type": 11, "object_id": "66", "object_repr": "Images", "action_flag": 2, "change_message": "Changed url."}}, {"model": "admin.logentry", "pk": 164, "fields": {"action_time": "2018-03-21T14:04:43.564", "user": 1, "content_type": 11, "object_id": "66", "object_repr": "List of images", "action_flag": 2, "change_message": "Changed title."}}, {"model": "admin.logentry", "pk": 165, "fields": {"action_time": "2018-03-21T14:18:13.505", "user": 1, "content_type": 11, "object_id": "66", "object_repr": "List of images", "action_flag": 2, "change_message": "Changed url."}}, {"model": "admin.logentry", "pk": 166, "fields": {"action_time": "2018-03-21T14:22:10.450", "user": 1, "content_type": 11, "object_id": "66", "object_repr": "List of images", "action_flag": 2, "change_message": "Changed url."}}, {"model": "admin.logentry", "pk": 167, "fields": {"action_time": "2018-03-21T14:23:41.338", "user": 1, "content_type": 11, "object_id": "66", "object_repr": "List of images", "action_flag": 2, "change_message": "Changed url."}}, {"model": "admin.logentry", "pk": 168, "fields": {"action_time": "2018-03-21T14:24:15.240", "user": 1, "content_type": 11, "object_id": "66", "object_repr": "List of images", "action_flag": 2, "change_message": "Changed url."}}, {"model": "admin.logentry", "pk": 169, "fields": {"action_time": "2018-03-21T14:29:18.472", "user": 1, "content_type": 11, "object_id": "66", "object_repr": "List of images", "action_flag": 2, "change_message": "Changed url."}}, {"model": "admin.logentry", "pk": 170, "fields": {"action_time": "2018-03-21T14:29:20.845", "user": 1, "content_type": 10, "object_id": "3", "object_repr": "student", "action_flag": 2, "change_message": "No fields changed."}}, {"model": "admin.logentry", "pk": 171, "fields": {"action_time": "2018-03-21T14:33:04.202", "user": 1, "content_type": 11, "object_id": "66", "object_repr": "List of images", "action_flag": 2, "change_message": "Changed url."}}, {"model": "admin.logentry", "pk": 172, "fields": {"action_time": "2018-03-21T14:37:34.405", "user": 1, "content_type": 11, "object_id": "66", "object_repr": "List of images", "action_flag": 2, "change_message": "Changed url."}}, {"model": "admin.logentry", "pk": 173, "fields": {"action_time": "2018-03-21T14:47:41.535", "user": 1, "content_type": 11, "object_id": "66", "object_repr": "List of images", "action_flag": 2, "change_message": "Changed url."}}, {"model": "admin.logentry", "pk": 174, "fields": {"action_time": "2018-03-21T14:48:14.282", "user": 1, "content_type": 11, "object_id": "66", "object_repr": "List of images", "action_flag": 2, "change_message": "Changed url."}}, {"model": "admin.logentry", "pk": 175, "fields": {"action_time": "2018-03-21T14:48:55.523", "user": 1, "content_type": 11, "object_id": "66", "object_repr": "List of images", "action_flag": 2, "change_message": "Changed url."}}, {"model": "admin.logentry", "pk": 176, "fields": {"action_time": "2018-03-21T14:52:27.512", "user": 1, "content_type": 10, "object_id": "3", "object_repr": "student", "action_flag": 2, "change_message": "No fields changed."}}, {"model": "admin.logentry", "pk": 177, "fields": {"action_time": "2018-03-21T15:03:39.999", "user": 1, "content_type": 11, "object_id": "66", "object_repr": "List of images", "action_flag": 2, "change_message": "Changed url."}}, {"model": "admin.logentry", "pk": 178, "fields": {"action_time": "2018-03-21T15:06:09.126", "user": 1, "content_type": 11, "object_id": "66", "object_repr": "List of images", "action_flag": 2, "change_message": "No fields changed."}}, {"model": "admin.logentry", "pk": 179, "fields": {"action_time": "2018-03-21T15:06:54.247", "user": 1, "content_type": 11, "object_id": "67", "object_repr": "List of images", "action_flag": 1, "change_message": "Added."}}, {"model": "admin.logentry", "pk": 180, "fields": {"action_time": "2018-03-21T15:10:37.363", "user": 1, "content_type": 11, "object_id": "67", "object_repr": "List of images", "action_flag": 2, "change_message": "Changed url."}}, {"model": "admin.logentry", "pk": 181, "fields": {"action_time": "2018-03-21T15:30:19.520", "user": 1, "content_type": 11, "object_id": "67", "object_repr": "XXXXX", "action_flag": 2, "change_message": "Changed title."}}, {"model": "admin.logentry", "pk": 182, "fields": {"action_time": "2018-03-21T15:34:25.431", "user": 1, "content_type": 11, "object_id": "67", "object_repr": "XXXXX", "action_flag": 2, "change_message": "Changed url."}}, {"model": "admin.logentry", "pk": 183, "fields": {"action_time": "2018-03-21T15:38:43.583", "user": 1, "content_type": 11, "object_id": "67", "object_repr": "XXXXX", "action_flag": 2, "change_message": "Changed description."}}, {"model": "admin.logentry", "pk": 184, "fields": {"action_time": "2018-03-21T15:39:00.361", "user": 1, "content_type": 11, "object_id": "67", "object_repr": "List of images", "action_flag": 2, "change_message": "Changed title."}}, {"model": "admin.logentry", "pk": 185, "fields": {"action_time": "2018-03-21T15:40:39.623", "user": 1, "content_type": 10, "object_id": "3", "object_repr": "student", "action_flag": 2, "change_message": "No fields changed."}}, {"model": "admin.logentry", "pk": 186, "fields": {"action_time": "2018-03-21T15:40:59.494", "user": 1, "content_type": 10, "object_id": "6", "object_repr": "demo", "action_flag": 3, "change_message": ""}}, {"model": "admin.logentry", "pk": 187, "fields": {"action_time": "2018-03-21T15:41:43.122", "user": 1, "content_type": 11, "object_id": "68", "object_repr": "List of images", "action_flag": 1, "change_message": "Added."}}, {"model": "admin.logentry", "pk": 188, "fields": {"action_time": "2018-03-21T15:43:19.173", "user": 1, "content_type": 11, "object_id": "69", "object_repr": "List of images", "action_flag": 1, "change_message": "Added."}}, {"model": "admin.logentry", "pk": 189, "fields": {"action_time": "2018-03-21T16:15:46.564", "user": 1, "content_type": 11, "object_id": "70", "object_repr": "List of items", "action_flag": 1, "change_message": "Added."}}, {"model": "admin.logentry", "pk": 190, "fields": {"action_time": "2018-03-21T16:17:17.369", "user": 1, "content_type": 11, "object_id": "71", "object_repr": "List of images", "action_flag": 1, "change_message": "Added."}}, {"model": "admin.logentry", "pk": 191, "fields": {"action_time": "2018-03-21T20:23:20.786", "user": 1, "content_type": 11, "object_id": "70", "object_repr": "List of images", "action_flag": 2, "change_message": "Changed title."}}, {"model": "admin.logentry", "pk": 192, "fields": {"action_time": "2018-03-22T16:39:04.214", "user": 1, "content_type": 14, "object_id": "12", "object_repr": "cms_anonymous_main (Guest main page)", "action_flag": 2, "change_message": ""}}, {"model": "admin.logentry", "pk": 193, "fields": {"action_time": "2018-03-27T11:15:27.617", "user": 1, "content_type": 11, "object_id": "72", "object_repr": "List of Files", "action_flag": 1, "change_message": "Added."}}, {"model": "admin.logentry", "pk": 194, "fields": {"action_time": "2018-03-27T11:31:30.123", "user": 1, "content_type": 11, "object_id": "72", "object_repr": "List of Files", "action_flag": 2, "change_message": "No fields changed."}}, {"model": "admin.logentry", "pk": 195, "fields": {"action_time": "2018-03-27T11:31:39.928", "user": 1, "content_type": 10, "object_id": "5", "object_repr": "anonymous", "action_flag": 2, "change_message": "No fields changed."}}, {"model": "admin.logentry", "pk": 196, "fields": {"action_time": "2018-03-27T16:10:55.429", "user": 1, "content_type": 4, "object_id": "75", "object_repr": "cms_editor", "action_flag": 1, "change_message": "Added."}}, {"model": "admin.logentry", "pk": 197, "fields": {"action_time": "2018-03-27T16:17:57.940", "user": 1, "content_type": 3, "object_id": "4", "object_repr": "cms", "action_flag": 1, "change_message": "Added."}}, {"model": "admin.logentry", "pk": 198, "fields": {"action_time": "2018-03-27T16:18:31.416", "user": 1, "content_type": 4, "object_id": "75", "object_repr": "cms_editor", "action_flag": 2, "change_message": "Changed groups."}}, {"model": "admin.logentry", "pk": 199, "fields": {"action_time": "2018-03-27T16:19:09.093", "user": 1, "content_type": 4, "object_id": "3", "object_repr": "superuserA", "action_flag": 2, "change_message": "Changed groups."}}, {"model": "admin.logentry", "pk": 200, "fields": {"action_time": "2018-03-27T16:20:47.247", "user": 1, "content_type": 4, "object_id": "75", "object_repr": "cms_editor", "action_flag": 2, "change_message": "Changed is_staff."}}, {"model": "admin.logentry", "pk": 201, "fields": {"action_time": "2018-03-27T16:22:47.382", "user": 1, "content_type": 4, "object_id": "3", "object_repr": "superuserA", "action_flag": 2, "change_message": "Changed is_staff."}}, {"model": "admin.logentry", "pk": 202, "fields": {"action_time": "2018-03-27T16:27:36.817", "user": 1, "content_type": 3, "object_id": "3", "object_repr": "superuser", "action_flag": 2, "change_message": "Changed permissions."}}, {"model": "admin.logentry", "pk": 203, "fields": {"action_time": "2018-03-27T16:37:22.048", "user": 3, "content_type": 4, "object_id": "20", "object_repr": "aa", "action_flag": 2, "change_message": "Changed is_staff, is_superuser and groups."}}, {"model": "admin.logentry", "pk": 204, "fields": {"action_time": "2018-03-27T16:37:56.929", "user": 3, "content_type": 4, "object_id": "20", "object_repr": "aa", "action_flag": 2, "change_message": "Changed is_staff, is_superuser and groups."}}, {"model": "admin.logentry", "pk": 205, "fields": {"action_time": "2018-03-28T20:43:18.757", "user": 1, "content_type": 3, "object_id": "4", "object_repr": "cms", "action_flag": 2, "change_message": "Changed permissions."}}, {"model": "admin.logentry", "pk": 206, "fields": {"action_time": "2018-03-28T20:45:15.261", "user": 1, "content_type": 3, "object_id": "4", "object_repr": "cms", "action_flag": 2, "change_message": "Changed permissions."}}, {"model": "admin.logentry", "pk": 207, "fields": {"action_time": "2018-04-11T20:51:47.220", "user": 75, "content_type": 14, "object_id": "12", "object_repr": "cms_anonymous_main (Guest main page)", "action_flag": 2, "change_message": ""}}, {"model": "admin.logentry", "pk": 208, "fields": {"action_time": "2018-04-12T14:45:24.483", "user": 75, "content_type": 14, "object_id": "12", "object_repr": "cms_anonymous_main (Guest main page)", "action_flag": 2, "change_message": ""}}]